番号,単語,意味
1,abandon,放棄する、あきらめる、捨てる
2,abdominal,腹部の、腹筋
3,abhor,忌み嫌う、憎悪する
4,ability,能力
5,able,できる、有能な、能力のある
6,abnormality,異常（性）
7,abolish,廃止する、撤廃する
8,aboriginal,原生の、先住の、アボリジニの
9,abort,中止する
10,abortion,妊娠中絶
11,abound,豊富である、～で満ちている
12,above,上(方)に、前述の
13,abridged,簡約[短縮]された
14,abroad,海外へ，海外で
15,abrupt,突然の、ぶっきらぼうな
16,abruptly,不意に、突然
17,absence,不在、欠席
18,absent,欠席して
19,absolute,絶対的な、完全な、全くの
20,absolutely,まったく、[返事]まったくその通りだ、絶対に
21,absorb,吸収する、夢中にさせる、理解する
22,absorption,没頭(in)、吸収
23,abstain,慎む
24,abstract,抽象的な
25,absurd,ばかげた、不合理な
26,abundance,豊富。大量
27,abundant,豊富な、～に富む
28,abuse,乱用(する)、虐待(する)、誤用(する)
29,academic,学問の、学究的な、学園の、大学（教育）の
30,academy,（大学などの）高等教育機関、専門学校
31,accelerate,加速させる、促進する、加速する
32,accent,なまり、アクセント
33,accept,受け取る、受け入れる、認める
34,acceptable,受け入れられる、容認できる
35,acceptance,受諾、受け取り
36,access,利用、入手、接近（の機会・方法・権利）、アクセスする
37,accessory,補助的な、付随する、[複]付属品
38,accident,(偶然の)事故、事件； 偶然
39,accidental,偶然の、過失による
40,accidentally,誤って、うっかり、偶然にも
41,acclaim,賞賛する
42,accommodate,収容する、宿泊させる、適応させる
43,accommodation,(<米>―s)宿泊施設
44,accompany,同行する、一緒に行く、随して起こる
45,accomplish,成し遂げる、達成する
46,accomplishment,完成、業績
47,accord,"一致、合意、協定、一致する, 調和する"
48,according,（according to）～に一致して、～に従って、～によれば
49,accordingly,それに応じて、それ相応に、したがって
50,account,占める、説明する、原因となる、説明、勘定、口座
51,accountable,（説明する）責任がある、説明可能な、理解できる
52,accounting,経理、会計(学)
53,accumulate,蓄積する、集める、積もる
54,accuracy,正確さ、精度
55,accurate,正確な、精密な、狂いのない
56,accusation,非難、告訴
57,accuse,訴える、非難する
58,accustom,（人）を慣れさせる
59,accustomed,慣れている
60,ache,痛む、切望する
61,achieve,達成する、成し遂げる、獲得する
62,achievement,学業（成績）、業績、達成
63,acid,酸、酸性の、酸味の、批判的な
64,acknowledge,（事実など）を認める、に謝意を表す
65,acknowledgment,感謝（のしるし）、承認、白状
66,acoustic,音響の、聴覚の、（楽器が）アコースティックの
67,acquaint,(詳しく)を知らせる、を知り合いにさせる
68,acquaintance,知人、知り合い、面識、知識、交際
69,acquainted,知り合いである
70,acquire,獲得する、習得する
71,acre,エーカー（約4047㎡)
72,act,行動する； 行動； 法令
73,activate,を活性化する、を作動させる
74,active,積極的な、能動的な、活動している、有効な
75,actively,積極的に、活発に
76,activist,活動家
77,activity,活動
78,actual,実際の、現実の
79,actualization,実現化
80,actually,実際に、（意外だが）実は、本当は
81,acute,鋭い、激しい、急性の
82,ad,広告
83,adapt,適応する、を（～に）適応させる（to）
84,adaptable,適応性のある、順応できる
85,adaptation,順応、適応
86,adaptive,適応性のある、適応できる
87,add,加える、付け加えて言う
88,addict,中毒患者、〔受身で〕（～の）中毒になる
89,addicted,中毒である
90,addiction,中毒、熱中
91,addictive,依存性の、中毒性の
92,additional,追加の、付加的な
93,additive,添加物
94,address,演説する、話しかける、取り組む、住所、演説、あいさつ
95,adept,（at ～）（～に）熟練した
96,adequate,十分な、適切な
97,adhere,くっつく、粘着する、固執する
98,adhesive,接着剤
99,adjective,形容詞、形容詞の
100,adjust,適応させる、適応する
101,administer,管理する、運営する
102,administration,管理、経営、運営、行政、政府、政権
103,admirable,賞賛に値する、素晴らしい
104,admiration,感嘆、賞賛
105,admire,賞賛する、感心する
106,admission,入場料
107,admit,認める、入場を認める
108,admittedly,明らかに
109,admonish,注意する
110,adolescent,青年、青年期の
111,adopt,採用する、（態度など）をとる、養子にする
112,adorable,非常にかわいい[いとしい]
113,adore,あこがれる、慕う、崇拝する
114,adrenalin,アドレナリン
115,adrift,漂って、目的を失って
116,adult,大人； 大人の
117,advance,進歩、前進、進歩させる（する）
118,advanced,進歩した、前進した、上級の
119,advantage,利益、利点、優勢、有利な立場
120,advent,出現、到来
121,adventure,冒険
122,adverse,逆の、不都合な、不利な、有害な、敵対的な
123,advertise,広告する、宣伝する、公にする
124,advertisement,広告
125,advertising,宣伝、広告
126,advise,忠告（助言）する
127,adviser,助言者、顧問、アドバイザー
128,advocate,主張する、唱える、支持する、支持者、主張・提唱者
129,aerospace,航空宇宙
130,aesthetic,美的な、美学の
131,affair,出来事、問題、仕事、（～s）事情
132,affect,影響を与える、～のふりをする、～を愛用する
133,affection,愛情
134,affectionate,愛情のこもった、やさしい
135,affiliate,を提携させる、を合併する
136,affirm,肯定する、断言する、肯定する、断言する
137,affirmative,肯定的な、肯定、賛成
138,afflict,(通常受動態で)を悩ませる、を苦しめる
139,affluent,（経済的に）豊かな、裕福な、おびただしい、豊富な
140,afford,（～を持てるだけの経済的）余裕がある、～を与える
141,affordable,手頃な、安価な
142,afterward,その後で、後に
143,age,年齢、年代、老年、（歴史上の）時代、年を取る
144,aged,年老いた
145,agency,機関、代理店
146,agenda,協議事項（リスト）、議事日程（表）、（政治上の）課題
147,agent,代理人、行為者、薬剤、（反応・変化を起こす）力
148,aggravate,悪化させる
149,aggression,攻撃性、侵略
150,aggressive,攻撃的な、けんか腰の、積極的な
151,aggressively,攻撃的に、積極的に
152,aging,高齢化が進む、老朽化している
153,agitate,動揺させる；先導する
154,agitation,動揺、興奮、扇動
155,agonize,苦悶する
156,agony,(心身の)苦痛、苦悩
157,agree,同意する、賛成する、合う
158,agreeable,好みに合う、感じのよい、同意する、ふさわしい
159,agricultural,農業の
160,agriculture,農業、農学、畜産
161,ahead,前方へ（に）、事前に、出世して
162,aid,支援、救援（物資）、を援助する、助けとなる
163,aim,目的、目標にする、狙う、努力する（to do）
164,aimlessly,当てもなく
165,air,空気、空中、様子、（複数）気取り
166,aircraft,航空機
167,airline,定期航空路、航空会社
168,aisle,(座席間などの)通路
169,akin,同様の、同種の、類似した
170,alarm,恐れ、目覚まし時計、警報、を驚かせる、不安にさせる
171,alarming,驚くべき、心配な
172,alcohol,酒、アルコール
173,alcoholic,アルコールの
174,alert,油断のない、警戒を怠らない、機敏な、注意を呼びかける
175,algae,藻、藻類
176,algebra,代数（学）
177,algorithm,アルゴリズム、問題解決の手順
178,alien,外国の、異質の、～と相容れない、外国人、宇宙人
179,alienate,遠ざける
180,align,を一直線に並べる
181,alignment,整列
182,alike,同様の（に）、似ている
183,alive,生きて、元気で
184,allegation,申し立て
185,allege,主張する
186,allegedly,伝えられるところによると
187,allergy,アレルギー
188,alleviate,軽くする、軽減する
189,alliance,同盟、提携
190,allied,連合の、同盟を組んだ
191,allocate,割り当てる、分配する
192,allot,分配する、割り当てる、充当する
193,allow,許す、認める、考慮に入れる（for）
194,allowance,小遣い、手当、許可
195,ally,同盟者〔国〕、結びつく、連合する、同盟する
196,almost,ほとんど
197,alone,1人で、（名詞＋alone）～だけ
198,alongside,横に、～と並んで、～と一緒に
199,aloof,離れて、よそよそしくて
200,aloud,声に出して
201,alter,変える、変わる
202,alteration,変更
203,alternate,代わりの、交互の、交替する、交互に現れる、交互にする
204,alternative,代替手段、選択肢、二者択一の、代わりの
205,although,…だが、…にもかかわらず
206,altitude,高度、標高、海抜
207,altogether,完全に、全く、要するに、合計して
208,altruism,利他主義
209,amateur,アマチュア、素人、未熟な、下手な
210,amaze,びっくりさせる、驚かせる
211,amazing,驚くべき
212,ambassador,大使、代表、使節
213,ambiguous,あいまいな、両義にとれる
214,ambition,願望、野望、野心
215,ambitious,大望を抱いた、熱望している、野心的な
216,ambivalent,矛盾する、相反する、どちらか決めかねて
217,ambulance,救急車
218,amend,修正する、改正する
219,amendment,改正、修正
220,amenity,生活を快適にするもの
221,amicable,友好的な
222,ammunition,弾薬
223,amnesty,恩赦
224,amount,量、合計、総額、総計～に達する、～に等しい
225,amphibian,両生動物；両生類の
226,ample,十分すぎるほどの、豊富な、広い、広大な
227,amplify,増幅する
228,amputee,切断手術を受けた患者
229,amuse,おもしろがらせる、楽しませる
230,amusement,娯楽、面白さ
231,analogy,類推、類似、類似点
232,analysis,分析（結果）、解明
233,analyze,分析する
234,anarchy,無秩序
235,anatomy,構造、解剖学
236,ancestor,祖先、先駆者、原型
237,ancestral,先祖伝来の、先駆者の、原型をなす
238,ancient,古代の、昔の、昔からの、（物などが）とても古い
239,anecdote,逸話
240,anger,怒り
241,angle,観点、角（度）
242,angry,怒って
243,anguish,苦悩させる、苦悩する、苦痛、悲しみ
244,animate,活気づける、駆り立てる、生きている、活発な
245,animation,アニメ(製作)、活気
246,ankle,足首
247,anniversary,（～周年）記念日
248,annotation,注釈
249,announce,発表［公表］する、知らせる、（物事が）を告げる
250,annoy,いらいらさせる、悩ます、〔受身形で〕腹が立つ
251,annoyance,いらだち、悩みの種
252,annual,１年間の、年１回の、例年の
253,anonymous,匿名の、無名の
254,anorexia,拒食症
255,ant,アリ
256,Antarctic,南極地方
257,Antarctica,南極大陸
258,anthem,賛美歌
259,anthropologist,人類学者
260,anthropology,人類学
261,antibiotic,〔通例～s〕抗生物質
262,anticipate,予想する、予期する、楽しみにして待つ
263,anticipation,期待、予期、予想
264,anticipatory,予期[予想]しての、見越しての
265,antioxidant,抗酸化物質、酸化防止剤
266,antique,骨董品の、年代物の、古風な
267,antiquity,古代、古物
268,anxiety,不安、心配
269,anxious,"心配している(about)、切望している(for, to do)"
270,anyhow,ともかく、いずれにせよ
271,anymore,（否定・疑問文）もはや（…できない）
272,anyway,（肯定文）とにかく、（否定文）どうしても
273,apart,離れて、個々に
274,apathy,無感動、無関心、冷淡
275,ape,猿、類人猿
276,apologize,謝る、弁明する
277,apology,謝罪
278,app,アプリ
279,appall,ぎょっとさせる
280,appalling,ぞっとするような
281,apparatus,装置、器具一式、機構
282,apparent,［叙述用法］明白な、［限定用法］見たところ～らしい
283,apparently,一見したところ～のようだ
284,appeal,訴える、求める、興味を引く、魅力、人気、訴え、要請
285,appear,～のように見える、現れる
286,appearance,外見、様子、出現
287,appetite,食欲、欲求
288,applaud,～に大きな拍手を送る
289,applause,拍手（喝采）
290,appliance,器具、電気製品
291,applicable,適用できる、応用できる、ふさわしい
292,applicant,応募者、志願者
293,application,申請書、申し込み、適用
294,apply,適用する、応用する、 申し込む(for～)、塗る、当てはまる
295,appoint,（役職に）を任命する、（時・場所など）を指定する
296,appointment,任命、約束、職、任務
297,appreciate,正しく理解する、正しく評価する、感謝する、鑑賞する
298,appreciative,感謝している
299,apprehension,不安、理解力、逮捕
300,apprentice,見習い(工)、初心者
301,approach,近づく、取り組む、取り組み(方)、接近（方法）
302,appropriate,適切な、ふさわしい
303,approve,賛成する、承認する
304,approximate,おおよその、近似の
305,approximately,おおよそ
306,apt,～しがちである、～する傾向がある、ふさわしい
307,aquatic,(動植物が)水生の、水の
308,arbitrary,任意の、勝手な、恣意的な、気まぐれな
309,arc,弧、弓形
310,archaeologist,考古学者
311,archaeology,考古学
312,archaic,古風な、古代の
313,archbishop,大司教
314,architect,建築家、設計者
315,architecture,建築(学)、建築技術
316,archive,公文書（保管所）、保存記録
317,Arctic,北極の
318,ardent,激しい、熱心な
319,area,部分、地域、分野
320,argue,と主張する、議論する
321,argument,議論、口論
322,arise,起きる、(～から)生じる(from～)
323,aristocracy,貴族政治、（the～)、貴族階級
324,aristocrat,貴族
325,aristocratic,貴族的な、貴族の、貴族政治の
326,arithmetic,算数の、算数
327,arms,武器、軍備
328,army,軍隊、陸軍
329,aroma,芳香、アロマ
330,arousal,興奮、目覚め
331,arouse,引き起こす、刺激する、目覚めさせる
332,arrange,手はずを整える、きちんと並べる、取り決める
333,arrangement,手配、配置、取り決め
334,array,多彩
335,arrest,逮捕する、止める、逮捕
336,arrival,到着
337,arrogance,傲慢さ、横柄さ
338,arrogant,ごう慢な、横柄な
339,arsenal,兵器庫
340,arsenic,ヒ素
341,art,芸術、美術、技術、こつ、(～s)人文科学
342,artery,動脈
343,arthritis,関節炎
344,article,記事、論文、品物、物、条件、冠詞
345,articulate,はっきり述べる、明瞭な
346,artifact,工芸品
347,artificial,人工の、不自然な
348,artistic,芸術的な
349,artistry,芸術的才能
350,arugula,ルッコラ
351,ascend,上がる、上げる
352,ascent,登ること、上昇
353,ascertain,確認する、確かめる
354,ascribe,～を（…の）せいにする、～を（…の）作品とする
355,ascription,原因があるとすること、理由付け
356,ash,灰
357,ashamed,恥ずかしがって、恥じている
358,aside,わきに、離して
359,asleep,眠って
360,aspect,（物事の）側面、観点、様相
361,aspiration,熱望
362,aspire,切望する、熱望する、求める
363,assassination,暗殺
364,assault,襲撃(する)、暴行(する)
365,assemble,集まる、集める、組み立てる
366,assent,同意する、同意、承諾
367,assert,断言する、主張する、行使する
368,assess,評価（判断）する、査定する
369,asset,有用なもの、貴重な存在、資産、財産
370,assiduous,勤勉な、熱心な
371,assign,割り当てる、配属する
372,assignment,任務、課題、割り当て
373,assimilate,同化する、吸収する、自分のものにする
374,assist,援助する、手伝う
375,assistance,援助、支援
376,assistant,助手
377,associate,結び付ける、連想する、交際する、仲間
378,assorted,詰め合わせの
379,assume,想定する、思い込む、（責任・任務）を引き受ける
380,assumption,(確証のない)仮定、想定、思い込み
381,assure,保証する、安心させる
382,asteroid,小惑星、ヒトデ
383,astonish,ひどく驚かせる
384,astonishing,驚くべき、びっくりするような
385,astound,びっくり仰天させる、愕然とさせる
386,astrology,占星術
387,astronaut,宇宙飛行士
388,astronomer,天文学者
389,astronomy,天文学
390,asylum,亡命
391,asymmetry,非対称，不釣り合い
392,athlete,運動選手、競技者、スポーツ選手
393,athletic,運動の得意な、スポーツの
394,athletics,スポーツ、運動競技
395,Atlantic,大西洋の
396,atlas,地図帳
397,atmosphere,大気、雰囲気
398,atom,原子
399,atrocity,残虐行為
400,attach,くっつける、取り付ける、愛着を持たせる
401,attachment,付着(物)、取り付け、愛着
402,attack,攻撃、非難、（病気などの）発作、を攻撃する、を非難する
403,attain,獲得する、達成する、に達する
404,attempt,試み、攻撃、を試みる、…しようとする
405,attend,出席する、注意して聞く(to～)、付き添う(on～)
406,attendance,出席[入場]者数、出席
407,attendant,付添人、世話人
408,attention,注目、注意、世話
409,attentive,注意深い
410,attitude,態度、考え方
411,attorney,弁護士、検事、（法定）代理人
412,attract,引きつける、魅了する
413,attraction,魅力、呼び物
414,attractive,魅力的な
415,attribute,～のせいにする、～のおかげと考える
416,auction,競売、オークション
417,audacious,大胆な、厚かましい
418,audible,聞こえる
419,audience,聴衆、観客、視聴者
420,auditor,監査役
421,auditorium,講堂、公会堂、観客席
422,authentic,本物の、確実な、信用できる
423,author,著者、作者
424,authority,関係当局、権威、権限
425,authorize,権限を与える
426,autobiography,自叙伝
427,autograph,（有名人などの）サイン
428,automatic,自動の、無意識な
429,automobile,自動車
430,autonomous,自動運転
431,autonomy,（個人の）自律、自治（権）、自治体
432,autopsy,検死
433,avail,利用する、活用する、役立つ
434,availability,(入手の)可能性、有用[有効]性
435,available,利用できる、入手できる、手の空いている
436,avenue,大通り、道、手段、方法
437,average,平均、平均的な
438,avert,避ける、防ぐ、（目・注目・顔を）そらす
439,aviation,航空
440,avoid,避ける
441,await,待つ、待ち受ける、待つ
442,awaiting,待つ
443,awake,目覚めて、気づいて、目が覚める、を起こす
444,awaken,目覚めさせる、覚める
445,award,賞（金）、（審査して）を授与する
446,aware,気づいている
447,awareness,認識、意識
448,awe,畏れ、畏敬の念、（be awed）畏敬の念を抱く
449,awesome,すごい、畏敬の念を起こさせる、荘厳な、恐ろしいほどの
450,awful,(光景などが）恐ろしい、ひどい
451,awkward,不器用な、落ち着かない、やっかいな、ぎこちない
452,axiom,原理、自明の理
453,axis,軸
454,bachelor,独身の男性、学士
455,backfire,[自] 裏目に出る
456,background,背景、生い立ち、経歴
457,backlog,未処理の山
458,bacteria,細菌、バクテリア
459,bacterium,バクテリア
460,badly,まずく、とても（欲しい）、ひどく
461,baggage,手荷物、旅行荷物、（集合的に）（旅行時の）荷物
462,bait,誘惑物、(釣り針・わなにつける)餌
463,balance,均衡、バランス、（体の）平衡、残高
464,bald,はげた、葉のない、味けのない、ありのままの
465,ballot,投票、投票用紙、投票総数
466,bamboo,竹
467,ban,禁止する、禁止（令）
468,bang,ドンとたたく、バタンと閉まる、ドカンという音
469,banish,追い出す、追放する
470,bank,銀行、土手
471,bankrupt,破産した、を破産させる
472,bankruptcy,破産
473,bar,棒、障害物、軽食堂、法廷、弁護士業、妨げる、除外する
474,bare,裸の、むき出しの、ありのままの、ぎりぎりの、最低限の
475,barely,かろうじて
476,bargain,買い得品、取引、契約
477,bark,吠える
478,barn,納屋、物置
479,barrel,バレル（液量の単位）、たる
480,barren,～の欠けた、（土地が）やせた、不毛の
481,barricade,バリケード
482,barrier,障壁、防壁
483,base,～の基礎［根拠］を置く
484,basement,地階、地下室
485,bashful,内気な
486,basic,基礎の、基礎知識
487,basin,流域、盆地、海盆、洗面器［台］
488,basis,基礎、根拠、方式、やり方
489,basket,かご、バスケット
490,bat,コウモリ、バット、バットで打つ
491,batch,一回分
492,bathe,入浴する（させる）
493,batter,を叩き壊す、乱打する
494,battery,電池
495,battle,戦う、戦闘
496,bay,入江、湾
497,bear,耐える、運ぶ、生む、身につける、持っている
498,bearable,耐えられる
499,beard,あごひげ
500,bearing,方向、関連、関係、(自分の)位置、物腰、態度
501,beast,獣、動物
502,beat,たたく、打ち負かすたたくこと、鼓動
503,beauty,美人、美しさ
504,beckon,手招きする、合図する
505,bee,（総称）ハチ、ミツバチ
506,beforehand,前もって、事前に
507,beg,切に頼む、懇願する
508,beggar,物乞い
509,behalf,利益、支持；（on behalf of） ～を代表して、～のため
510,behave,振る舞う、行儀よくする
511,behavior,行動、態度
512,behavioral,行動の
513,behind,後ろに、～よりも劣って
514,belief,信念、確信、信じること、信頼
515,belong,～に属する、～の所有である
516,benchmark,基準
517,bend,曲がる、かがむ、屈服する、を曲げる
518,beneath,～の下に
519,beneficial,有益な、有利な
520,benefit,恩恵、利益、利益を得る、に利益を与える
521,benevolent,親切な、善意の、寛大な、慈善の
522,benign,良性の、害のない； 有益な
523,besides,さらに、に加え、（否定文・疑問文で）以外に
524,bestow,授ける、与える
525,bet,賭け、考え、賭ける、予期する
526,betray,裏切る、（秘密など）をもらす、表情（表）に出す
527,beverage,飲み物、飲料
528,bewilder,うろたえさせる、当惑〔動転〕させる
529,beyond,～の向こうに、～できる範囲をこえて
530,bias,偏見、～に偏見を持たせる、～に偏見をもたらす
531,biased,偏った、偏見を持った
532,bible,聖書、必読書
533,bid,値をつける、（挨拶）を述べる
534,bilateral,相互の、二者［二国］間の
535,bilingual,２カ国語を話す（人）
536,bill,請求書、【英】勘定書、法案
537,billion,10億
538,bind,縛る、束縛する、結び付ける
539,binding,拘束力のある、義務を負わせる
540,biodiesel,バイオディーゼル
541,biodiversity,生物多様性
542,biographical,伝記の
543,biography,伝記、伝記文字
544,biological,生物学（上）の
545,biologist,生物学者
546,biology,生物学
547,birth,誕生
548,birthrate,出生率
549,bishop,司教
550,bit,（a～）少し
551,bite,かむ、かみつく、刺す
552,bitter,苦い、つらい、辛辣な、怒りっぽい
553,blade,刃、（プロペラなどの）羽根、（草などの）葉
554,blame,非難する、責任を負わせる
555,blank,空白の、無表情な、がらんとした
556,blast,爆破する、破滅させる
557,blaze,輝く、燃え立つ、炎、きらめき、（感情などの）激発
558,bleak,暗い
559,bleed,出血する
560,blend,混ぜる、調和させる、（～に）溶け込む
561,bless,祝福する、恵みを与える
562,blessing,恵み、ありがたいもの、承認、支持、神の加護
563,blindness,盲目、無知、無分別
564,blink,まばたく、まばたきをする、まばたき
565,bliss,この上ない喜び、至福、（bliss out）いい気分になる
566,blissful,至福の
567,blister,水ぶくれ
568,block,障害物、かたまり、区画、ふさぐ、妨害する
569,blockade,(港などの)封鎖、経済[通信]封鎖
570,bloom,栄える、咲く、花、開花的、最盛期
571,blossom,花が咲く、繁栄する、開花する、花、開花
572,blow,息を吐く、（風が）吹く、を吹く、打撃
573,blueprint,設計図
574,blunt,鈍い
575,blur,ぼかす、汚す、ぼやける、汚れる、ぼやけ、汚れ
576,blurry,ぼやけた、不鮮明な
577,blush,顔を赤らめる、恥ずかしく思う、赤面すること
578,board,板、委員会、に搭乗する
579,boast,自慢する、誇る、自慢（の種）、誇り
580,bob,上下に動く、急に動く、を上下に動かす
581,bodily,身体〔肉体〕上の、肉体的な
582,boil,煮る、沸騰する、煮える、沸騰する
583,bold,大胆な、怖いもの知らず、ずうずうしい
584,bomb,爆弾、大失敗
585,bombard,を責め立てる、を砲撃（爆撃）する
586,bomber,爆撃機
587,bond,きずなをくっつける
588,boom,大流行、にわか景気
589,boost,促進する、高める
590,border,境界（線）、国境、縁、～に接する、～に縁を付ける
591,bore,退屈させる、退屈な人（もの）
592,borrow,借りる、取り入れる
593,boss,社長、雇用主、上司
594,botanical,植物の、植物学(上)の
595,botanist,植物学者
596,botany,植物学
597,bother,悩ます、困らせる、邪魔する、思い悩む、面倒、悩みの種
598,bottom,底、最下部
599,bounce,跳ねる、反射する、を弾ませる、（メールが）返送される
600,bound,跳ぶように走る、はずむ、限界、束縛された、～行きの
601,boundary,境界(線)、限界
602,boundless,無限の
603,bout,短い期間、（病気などの）発症
604,bow,おじぎする、おじぎ
605,brace,支柱(で支える)、留め金、補強する
606,brag,自慢する
607,brain,脳、頭脳、知識人、知能、知的顧問
608,brainstorming,ブレインストーミング（自由にアイデアを出し合う問題解決法）
609,brainwashing,洗脳
610,branch,枝、支店、部門
611,brand,ブランド、銘柄
612,brand-new,新品の，真新しい
613,brave,勇敢な、見事な
614,breach,違反する
615,breadth,幅、広さ、範囲
616,breakdown,崩壊、破綻、悪化、分解、分析
617,breakout,発生、脱走、逃亡
618,breakthrough,大発見、突破口
619,breakup,(人間関係の)解消、別れ
620,breast,（主に女性の）胸，乳房
621,breathe,呼吸する
622,breed,産む、育てる、品種
623,breeze,そよ風
624,bribe,わいろ
625,brick,れんが
626,bride,花嫁
627,brief,短時間の、簡潔な、簡単な要点を伝える、要約
628,briefly,少しの間に、簡潔に
629,bright,明るい、輝いている、頭が良い
630,brightness,輝き、明るさ
631,brilliant,すばらしい、才能にあふれた、きらめく
632,brisk,元気な、活発な
633,British,イギリス人、イギリス（人）の
634,broad,広範囲に及ぶ、（幅・面積の）広い
635,broadcast,放送する、言いふらす、放送された、放送
636,broaden,～を広げる、広がる
637,brochure,パンフレット、小冊子
638,bronze,青銅、青銅（色）の
639,browse,拾い読みする、閲覧する
640,bruise,あざ、打撲傷、～に打撲を負わせる
641,brush,ブラシ、ブラシをかける
642,brutal,野蛮な、残酷な、残忍な、理性のない
643,brute,獣、動物
644,Buddhism,仏教
645,budget,予算、経費、予算案、（時間、金額）をわりあてる
646,bug,虫、（機械・プログラムの）欠陥
647,buildup,増加
648,bulb,電球、球根
649,bulk,大半、大きさ、大量
650,bulky,かさばった、扱いにくいほど大きい
651,bullet,弾丸
652,bully,いじめる、いじめっ子
653,bullying,いじめ
654,bump,（ドンと）ぶつかる、ばったり会う
655,bunch,束、集団、群れ
656,bundle,包み、を束ねる、を包みにする
657,burden,負担、（重い）義務、積み荷
658,bureau,（官庁の）局、事務局、案内所
659,bureaucracy,官僚、官僚主義
660,bureaucrat,官僚
661,burglar,泥棒、強盗
662,burglary,強盗
663,burial,埋葬
664,burn,焼く（焼ける）、燃やす（燃える）
665,burrow,墓穴
666,burst,爆発する、破裂させる、突然始まる、爆発
667,bury,埋める、埋葬する、隠す
668,bush,低木、茂み
669,business,事柄、こと、商売、事業、仕事、業務
670,bustle,喧噪
671,buzz,(場所が)ざわつく、どよめく
672,bypass,バイパス
673,bystander,傍観者
674,cabinet,内閣、飾り戸棚、キャビネット
675,cactus,サボテン
676,cafeteria,社員食堂、学食
677,cage,(鳥・獣を入れる)かご、檻
678,calamity,大災害、不幸
679,calculate,計算する、予想する、判断［推定］する
680,calling,転職、職業
681,calm,落ち着いた、平静、静まる、を静める
682,calorie,カロリー
683,camel,ラクダ、黄褐色
684,campaign,選挙活動、政治活動、軍事行動、促進販売
685,campus,構内、キャンパス
686,canal,運河
687,cancel,～を取り消す、中止する
688,cancer,癌、（社会などの）害悪
689,candid,率直な
690,candidate,候補（者）、志願者
691,candlepower,燭光<光度の単位>
692,canine,イヌ科の、イヌの
693,canyon,峡谷
694,capability,能力、処理能力、将来性
695,capable,能力がある、有能な
696,capacity,（最大）容量、収容能力、（潜在）能力
697,capita,頭
698,capital,資本(金)、首都、大文字、資本の、主要な、大文字の
699,caption,説明文、キャプション、字幕
700,captive,捕らわれの、監禁された
701,capture,(人・動物)を捕らえる、引きつける、逮捕
702,carbon,炭素
703,cardboard,段ボール、厚紙、ボール紙
704,cardiologist,心臓専門医
705,cardiovascular,心臓血管の
706,care,いやと思う、気にかける、
707,career,経歴、職業、生涯、成功、出世
708,carefully,注意深く
709,cargo,貨物
710,carnivore,肉食動物〈可算〉
711,carriage,馬車、うば車<米>、（鉄壁道の）客車<英>
712,cart,カート、手押し車、荷車、運ぶ
713,cartoon,漫画、アニメ
714,carve,彫る、切り開く、切り分ける
715,carving,彫刻（作品）
716,case,症例、実例、場合、事件、主張、論拠、(the)事実
717,cash,現金
718,cashier,レジ係、会計係
719,cast,投げ(かけ)る、役を割り当てる、配役
720,castle,城
721,casual,何気ない、無頓着な、偶然の、瞬時の
722,casualty,死傷者、人的損害、災難、大事故
723,catacomb,地下埋葬場
724,catastrophe,惨事、大惨事、大災害、破局
725,category,部類、区分、範疇
726,cater,食事を出す、必要な物を提供する、欲求を満たす
727,caterpillar,いも虫、毛虫
728,Catholic,カトリックの、カトリック教徒
729,cattle,ウシ
730,causal,原因となる、因果関係の
731,causally,原因となって
732,cause,原因、理由、大義
733,caution,用心、警告
734,cautious,注意深い、用心している
735,cave,洞窟
736,cavity,穴、空洞、腔、虫歯
737,cease,やめる、やむ、終わる
738,ceaseless,絶え間ない
739,ceiling,天井、（金額などの）上限
740,celebrate,祝う、褒め称える、賛美する
741,celebration,祝賀（会）、称賛
742,celebrity,有名人
743,celestial,天体の
744,cell,細胞、個室、(刑務所の)独房、電池
745,cemetery,（共同）墓地
746,censor,検閲する
747,censorship,検閲
748,census,国勢［市勢］調査、（主に人口の）一斉調査
749,cent,（単位としての）100、セント（1/100ドル）
750,center,中心、中央、（施設としての）センター
751,centralize,（権力など）を集中させる
752,century,世紀
753,CEO,最高経営責任者
754,cereal,〔通例～s〕穀物、シリアル（穀物加工食品）
755,ceremony,（儀）式、礼儀
756,certain,ある特定の、確信している
757,certainty,確実性、確信
758,certificate,証明書、に証明書を与える
759,certify,証明する
760,chain,連鎖、鎖、束縛、チェーン（店）
761,challenge,挑戦、難問、挑戦する、異議を唱える
762,chamber,部屋、議場、議院
763,chance,機会、偶然、見込み、たまたま～する（to do）
764,change,変える、変わる、変化、釣り銭、小銭
765,channel,経路、チャンネル、海峡
766,chaos,混乱、騒動、無秩序
767,chaotic,混沌とした
768,chapel,礼拝堂
769,chapter,(書類などの)章、支部、分会
770,character,性格、個性、特徴、登場人物、人格、文字
771,characteristic,特徴
772,charge,請求する、非難する、告発する、料金、告発、責任
773,charitable,慈善の、慈悲深い
774,charity,慈善(行為)、思いやり、慈善団体[基金]、慈善事業
775,charm,魅力、魔力、魔よけ、魔法をかける、魅惑する
776,chart,図、グラフ、海図、ヒットチャート
777,chase,追跡する、追求する
778,chat,おしゃべり、おしゃべりする
779,chatter,くだらないおしゃべり
780,cheap,安い、安っぽい
781,cheat,だます、不正をする、不正行為、カンニング
782,check,預かり所、検査、点検、小切手、調べる、阻止する
783,checkout,レジ、精算台、チェックアウト
784,checkup,健康診断、検査
785,cheek,ほお
786,cheer,元気付ける、声援を送る、元気づく、喝采、元気
787,cheery,陽気な、元気な
788,chemical,化学物質（製品）、化学の、科学的な
789,chemistry,科学
790,cherish,大切に心に抱く、育てる、かわいがる、心から愛する
791,chest,胸、箱、タンス
792,chew,かむ、をかみ砕く
793,chief,主要な、最高位の、長（官）
794,childbirth,出産、分娩
795,childhood,少年［少女］時代、子供時代.
796,chill,冷やす、怖がらせる、冷える、寒気を感じる、恐怖心
797,chimpanzee（chimp）,チンパンジー
798,chin,あご(の先端)
799,chip,薄切り、かけら、（半導体の）チップ
800,choir,聖歌隊
801,choke,窒息させる、抑える、
802,cholesterol,コレステロール
803,choose,選ぶ
804,chore,日常の雑事、日課、つまらない仕事
805,Christianity,キリスト教
806,chronic,慢性の、長引く、常習の
807,chronicle,年代記、記録、物語、年代記に記録する
808,chronological,年代順の
809,chuckle,くすくす笑う
810,chunk,塊
811,cigarette,（紙）巻きタバコ
812,circle,円
813,circuit,周回すること、回路、巡回
814,circulate,循環する、循環させる、流通させる
815,circulation,循環、流通、発行部数、（情報などが）広まること
816,circumstance,状況、事情、生活状態、境遇
817,circumstances,状況
818,cite,引用する、（例として）挙げる
819,citizen,市民
820,citizenship,市民権、公民権、市民[国民]であること
821,civil,市民の、民間の、民事の
822,civility,礼儀正しさ、丁寧さ
823,civilization,文明、文明化、文化的生活
824,civilize,を文明化する
825,claim,要求する、主張する、(人命を)奪う、要求、権利、主張
826,clap,拍手する、（手を）たたく、拍手
827,clarify,明らかにする、明らかになる
828,clash,対立〔衝突〕する、ガチャンと鳴る、衝突
829,class,階級、階層、クラス、授業
830,classic,傑作、古典、第一級の、典型的な、古典の
831,classical,クラシックの
832,classify,分類する、機密扱いにする
833,clause,(法律・条約などの)条項、(文の)節
834,claustrophobia,閉所恐怖症
835,clay,粘土
836,clearly,明らかに、はっきりと
837,clergy,聖職者
838,clerical,事務の、事務職の
839,clerk,事務員、職員、店員
840,clever,賢い、利口な、うまい、巧妙な
841,click,クリックする、カチッと鳴らす、カチッと音がする
842,client,顧客、依頼人
843,cliff,崖、絶壁
844,climate,気候
845,climatic,気候(上)の、風土の
846,climb,登る（こと）
847,cling,くっつく、固執する
848,clinic,診療所、クリニック、（病院内の）～科
849,clinical,臨床の、病院の
850,clink,カチン[チリン]と鳴る[鳴らす]
851,clip,切り抜く、切り取る、クリップで留める
852,clog,（管など）を詰まらせる
853,clone,クローン、模造する、まったく同じような人[もの]
854,close,接近した、親密な、綿密な、を閉める、閉まる
855,closure,(工場・学校などの)閉鎖
856,clothes,衣服
857,clue,手がかり、ヒント
858,clumsy,ぎこちない、不細工な、不器用な
859,cluster,集まり、群れ、房、集まる、群がる、を集める
860,clutch,ぎゅっとつかむ、しっかり握ること
861,clutter,散らかす
862,coal,石炭
863,coalition,連立、合同
864,coarse,粗雑な、きめの粗い、下品な、卑猥な
865,coast,海岸、沿岸
866,coastal,沿岸(地方)の
867,code,規定、法典、符号、暗号
868,coffin,棺桶
869,cognition,認識
870,cognitive,認識（認知）の
871,coherent,一貫した、筋の通った、結束した
872,coil,ぐるぐる巻く、丸くなる、巻いたもの
873,coin,（硬貨）を鋳造する、（新語など）を作る
874,coincide,合致〔一致〕する、同時に起こる
875,coincidence,偶然の一致
876,collaborate,共同して働く、協力する
877,collaboration,合作、共同、協力
878,collage,コラージュ
879,collapse,崩壊(する)、（病気などで突然）倒れる（こと）
880,colleague,（職場の）同僚
881,collect,集める、（人が）集まる
882,collective,集団の、共同の
883,collectively,集合的に、共同で
884,college,（単科）大学
885,collide,衝突する
886,collision,衝突、対立
887,colonize,を植民地化する、を入植させる
888,colony,植民地、集団居住地、（動植物の）コロニー
889,color-blind,人種差別をしない、色覚異常の
890,column,コラム、（新聞などの）欄、円柱、（縦）列
891,coma,昏睡（状態）
892,combat,と戦う、に立ち向かう、戦闘
893,combine,組み合わせる、兼ね備える、結合する
894,comedy,喜劇
895,comet,彗星
896,comfort,快適さ、慰め、慰めをあたえてくれるもの［人］、安らぎ
897,comfortable,快適な
898,command,命令(する)、指揮(する)、支配(する)、見渡す
899,commander,司令官
900,commemorate,記念する
901,commence,始まる、始める
902,commencement,開始；〈米〉（高校・大学の）卒業式，学位授与式
903,commend,を賞賛する
904,commendable,賞賛されるべき、立派な
905,comment,"論評する(on)、意見, 論評"
906,commerce,商業、貿易、通商
907,commercial,コマーシャル、商業の
908,commission,代理手数料、歩合、委員会
909,commit,献身する、捧げる、約束する、（罪を)犯す
910,commitment,公約、献身
911,committee,（集合的に）委員会、（全）委員
912,commodity,日用品、商品
913,common,共通の、ありふれた、公共の、共有の
914,commonplace,ごく普通の、陳腐な、よくある物事、ありきたりの意見
915,communal,共同の
916,communicate,情報交換をする、伝達する
917,communication,（情報・意見などの）伝達、意思疎通、通信（網）
918,communicative,話好きの、伝達の
919,communism,共産主義
920,communist,共産主義の
921,community,地域社会、（利害などを共にする）共同社会、集団
922,commute,通勤する、通学する
923,compact,凝縮させる、圧縮させる、ぎっしり詰まった、簡潔な
924,companion,連れ、仲間
925,company,会社、仲間、（仲間と）一緒にいること、一座
926,comparable,匹敵する、同様の
927,comparative,比較の、かなりの
928,compare,匹敵する、比較する、たとえる
929,compartment,区画、仕切り客室
930,compassion,おもいやり、哀れみ、同情
931,compassionate,哀れみ〔情け〕深い(toward)
932,compatible,矛盾しない、両立できる、仲良くやっていける
933,compel,～に…することを強いる
934,compensate,埋め合わせる、弁償する、償う
935,compete,競う、〔通例否定文で〕匹敵する
936,competence,能力、資格
937,competency,能力、適性
938,competent,有能な、能力のある、適格な
939,competing,相容れない、両立しない
940,competitive,競争の、競争力がある、競争心の強い
941,compile,編集する、（資料など）をまとめる
942,complain,不平［苦情］を言う、訴える
943,complaint,不平
944,complement,補完物、補足、補語
945,complementary,補足的な
946,complete,完成させる、仕上げる、完全な、完成した
947,completely,完全に
948,completion,完了、完成
949,complex,複雑な、複合的な、合成物、脅迫概念、複合施設
950,complexity,複雑さ
951,complicate,複雑にする
952,complicated,複雑な、入り組んだ
953,complication,複雑な事柄・余病・合併症
954,compliment,ほめ言葉、賛辞、お世辞を言う
955,complimentary,無料の、賞賛する
956,comply,従う、応じる、(基準・規則などに)沿う、合致する
957,component,構成要素、成分
958,compose,構成する、組み立てる、落ち着かせる
959,composed,落ち着いた
960,composite,異なる要素からなる、複合的な、合成物、複合物
961,composition,構成、（音楽などの）作品、作文
962,compost,たい肥
963,compound,複合の、混合物、化合物、を悪化させる、を混合する
964,comprehend,理解する、把握する
965,comprehension,理解力
966,comprehensive,包括的な
967,compress,を要約する、を短縮する、を圧縮して詰め込む
968,Compression,圧縮
969,comprise,構成される、構成する、占める
970,compromise,妥協（すること）、妥協案、歩み寄り
971,compulsion,衝動、強制力
972,compulsory,義務的な、強制的な
973,compute,計算する、コンピューターを使う
974,comrade,仲間
975,conceal,隠す、秘密にする
976,concede,仕方なく認める、敗北を認める
977,conceited,うぬぼれた
978,conceivable,(物・事が)考えられる、想像できる
979,conceive,思いつく、想像する、妊娠する
980,concentrate,専念（集中）する、集中させる
981,concentration,濃度、集中、専念
982,concept,概念、考え、（商品・販売の）コンセプト
983,concern,〔受身形で〕心配している、関係する
984,concerned,関心を持っている；扱っている；懸念している
985,concession,譲歩
986,concise,簡潔な
987,conclude,結論を下す、終える、締めくくる、締結する
988,conclusive,決定的な、確実な
989,concrete,具体的な、有形の
990,condemn,非難する、〔受身形で〕（～の刑を）宣告される
991,condensation,凝縮、凝結
992,condiment,香辛料
993,condition,条件、状況、状態、～を条件づける、制約する
994,conditional,～しだいの、条件付きの
995,condo,分譲マンション
996,conduct,行う、指揮する、案内する、行為、管理
997,cone,円すい
998,confer,(賞・学位・栄誉・権利など)を授与する、相談する
999,conference,会議、協議
1000,confess,白状する、認める
1001,confession,告白
1002,confide,打ち明ける、任せる、信頼する
1003,confidence,信頼、自信、確信、秘密
1004,confident,確信して、自信に満ちた
1005,confidential,秘密の
1006,configuration,配置、形状
1007,confine,制限する、閉じ込める
1008,confirm,確かめる、（意見などを）固める
1009,conflict,闘争、衝突、対立、不一致、矛盾する
1010,conform,従う、適合する、従わせる
1011,conformance,一致、適合、順応
1012,confront,直面する、向かい合う
1013,confuse,当惑させる、混同する
1014,congestion,混雑
1015,congratulate,祝う、おめでとうと言う
1016,congregate,集まる
1017,congress,（C～）（米国の）議会、国会、大会
1018,conjecture,推測
1019,connect,つなぐ、関連づける、つながる
1020,connotation,含蓄、言外にほのめかすこと、内包
1021,conquer,征服する、占める、克服する
1022,conquest,征服、(欠点・課題などの)克服
1023,conscience,良心、分別
1024,conscious,意識している、気づいている、意識が高い
1025,consecutive,連続した、引き続いて起こる、論理の一貫した
1026,consensus,（意見の）一致、全体の意見の一致
1027,consent,同意、承諾
1028,consequence,〔通例～s〕結果、重大性
1029,consequently,その結果
1030,conservation,（動植物などの）保護、保存
1031,conservationist,自然[環境]保護論者
1032,conservative,保守的な、控えめな
1033,conserve,保存する、保護する
1034,consider,よく考える、～を…とみなす
1035,considerable,かなりの
1036,considerate,思いやりのある
1037,consist,～から成る(of～)、～にある(in～)
1038,consistency,一貫性
1039,consistent,矛盾のない、一致した
1040,consistently,絶えず、一貫して
1041,console,慰める
1042,consolidate,合併する、強固にする
1043,consonant,子音(字)
1044,conspecific,同種の
1045,conspicuous,目立つ、人目を引く
1046,conspiracy,陰謀
1047,conspire,陰謀を企てる、共謀する
1048,constant,絶え間のない、一定不変の
1049,constantly,絶えず
1050,constellation,星座、一団
1051,constituent,構成要素、有権者、構成している、選挙権のある
1052,constitute,構成する、制定する
1053,constitution,憲法
1054,constrain,～に（…することを）強いる、を抑える
1055,constraint,制約
1056,construct,組み立てる、建設する、構成する
1057,construction,建設、建築物
1058,consult,（辞書など）を調べる、（専門家）に相談する
1059,consultant,顧問、コンサルタント、相談相手
1060,consultation,相談、協議
1061,consume,消費する
1062,consumption,消費、消費量
1063,contact,接触、連絡、と連絡をとる、と接触する
1064,contagious,感染（性）の、病気を伝染する
1065,contain,含む、収容する、抑える
1066,contaminate,汚染する、悪影響を及ぼす
1067,contaminated,汚染された
1068,contemplate,熟考する、じっと見つめる
1069,contemplation,熟考、沈思
1070,contemporary,現代の、同時代の、同時代の人
1071,contempt,侮辱、軽蔑
1072,contend,争う、議論する、を主張する
1073,content,満足している、内容、中身
1074,contented,満足した
1075,contentment,満足、幸福感
1076,contest,コンテスト、競技（会）、争い
1077,context,(文の)前後関係、文脈、背景、状況
1078,continent,大陸
1079,continue,続く、を続ける
1080,continuously,連続して、継続して
1081,contract,契約する、（病気）にかかる、縮める、契約（書）
1082,contradict,矛盾する、(人の考えなど)を否定する
1083,contradiction,否定、反対の主張、矛盾
1084,contradictory,矛盾した、反対の、議論好きな
1085,contrary,反対の、逆
1086,contrast,対比する、よい対照となる、対照、相違
1087,contribute,貢献する（to）、一因となる、寄付する、を提供する
1088,contribution,貢献、寄付(金)
1089,contrive,考案〔工夫〕する、たくらむ、うまく～する
1090,control,制御する、支配する、支配（力）、抑制
1091,control group,対照群、統制群
1092,controversial,物議を呼ぶ
1093,controversy,論争、議論
1094,convenient,便利な、都合のよい
1095,convention,慣習、しきたり、会議、大会
1096,conventional,従来の、慣習的な、協定の
1097,converge,集まる、集中する
1098,conversation,会話、対談
1099,converse,会話をする、逆の
1100,conversely,逆に、反対に、[文修飾]逆に言えば
1101,convert,変える、改宗［転向］させる、交換する
1102,convey,(感情・思考など)を伝える、を運ぶ
1103,convict,に有罪を宣告する
1104,conviction,確信、有罪判決
1105,convince,（人）を確信（納得）させる
1106,cooperate,協力する、協同する
1107,cooperation,協力、共同
1108,cooperative,協力的な
1109,coordinate,調整する、組織する、（服など）をコーディネートする
1110,coordinator,コーディネーター、取りまとめ役、責任者
1111,cope,うまく処理する、うまく対処する
1112,copper,銅
1113,copulate,交尾〔性交〕する
1114,copy,模倣する、複製する、写し、（本、新聞などの）1部
1115,copyright,著作権、版権、著作権のある
1116,coral,サンゴ(製)の
1117,cordial,心温まる、心からの
1118,core,中心、核心、（果物の）芯
1119,corporation,株式会社、企業、法人
1120,corpse,死体、死骸
1121,correct,正しい、適切な、を訂正する
1122,corrective,改める、正す、(薬が)中和する
1123,correlation,相互関係、相関（関係）
1124,correspond,合致する、相当する、文通する
1125,correspondence,通信、一致
1126,corridor,回廊(地帯)、通路、廊下
1127,corrode,腐食する
1128,corrupt,墜落した、わいろのきく、～を墜落させる、～を買収する
1129,corruption,腐敗、堕落
1130,cortex,皮質、樹皮
1131,cosmetic,化粧（用）の、美容（整形）の、（通例複数）化粧品
1132,cosmic,宇宙の
1133,cosmos,宇宙、秩序、コスモス
1134,cost,犠牲、費用、（費用が）かかる、（犠牲を）払わせる
1135,costly,損失［犠牲］の大きい、高価な、豪華な
1136,cough,せき(払い)、せき払いをする
1137,council,（地方）議会、評議会、（公の）会議
1138,counsel,忠告する、（人）に～（するよう）勧める
1139,count,数える、重要である、計算
1140,counter,～と反論する、～に反対する
1141,counterfeit,偽造の、偽の
1142,counterpart,対応するもの、対の片方
1143,countless,無数の
1144,countryside,（通例the）地方、田舎、田園地帯
1145,county,【米】郡、【英】州
1146,courage,勇気
1147,court,裁判所、宮廷、庭、（テニスなどの）コート
1148,courteous,礼儀正しい、思いやりがある、丁重な
1149,courtesy,礼儀正しさ、好意、優遇
1150,courthouse,裁判所(の建物)
1151,cousin,いとこ
1152,cove,入江、小湾
1153,cover,覆う、隠す、含む、（ある距離）を行く、（範囲）に及ぶ
1154,coverage,報道
1155,coward,臆病者
1156,cowardly,卑怯な、臆病な
1157,coworker,同僚、仕事仲間
1158,co-worker,同僚、仕事仲間
1159,cozy,居心地のよい
1160,crack,割れる（割る）、ぱちっと鳴る（鳴らす）、割れ目、隙間
1161,cradle,ゆりかご、（the～で）幼年時代
1162,craft,技術、商売、手工業、悪知恵、船舶、飛行機
1163,craftsman,職人、熟練工、工芸家
1164,cram,ぎっしり詰める、詰め込み勉強
1165,cramp,痙攣
1166,crash,衝突（墜落）する（させる）、衝突、墜落、故障
1167,crave,(を)切望する
1168,crawl,はう、ゆっくり進む
1169,crazy,夢中である（about）、正気でない
1170,create,創り出す、引き起こす
1171,creativity,創造性、独創性
1172,creature,動物
1173,credibility,信用
1174,credible,信用〔信頼〕できる、確実な、(成功などの)見込みのある
1175,credit,信用、名誉、功績、(大学などの)単位、信じる
1176,creditor,債権者、貸主
1177,creep,忍び込む、のろのろ進む、はう
1178,crest,頂上
1179,crew,乗組員、乗務員、一団
1180,crime,罪、犯罪、違法行為
1181,criminal,犯罪者、犯人
1182,crisis,危機
1183,crisp,パリパリした
1184,criteria,基準
1185,criterion,(価値判断の)基準、尺度(複：criteria)
1186,critic,批判する人、批評家
1187,critical,批判的な（of）、重大な、危機的な、批評的な
1188,critically,批評的に、非常に、決定的に、危険なほどに
1189,criticism,批判
1190,criticize,批判する、批評する
1191,crocodile,ワニ
1192,crooked,曲がった
1193,crop,作物、収穫(量)、～を収穫する、(作物が)できる
1194,cross,横切る、十字（路）、混合物
1195,crouch,しゃがむ
1196,crowd,群衆、（the）大衆、群がる、に群がる
1197,crucial,決定的な、必要不可欠の
1198,crude,雑な、荒削りな、こなれていない、（態度などが）露骨な
1199,cruel,残酷な、悲惨な、ひどい
1200,cruise,遊覧航海する、ぶらぶらする、を巡航する
1201,crumble,ぼろぼろ（になる）、崩壊する
1202,crummy,いやな、薄汚れた
1203,crush,押しつぶす、つぶれる、混雑
1204,crust,地殻、パンの耳、(動物の)甲殻
1205,crystal,結晶（の）、水晶（の）
1206,cue,合図、手がかり、（次の演技の）キュー
1207,cuisine,（独特の）料理、料理法
1208,culprit,（具体的な犯罪の）犯人、（何かの問題の）元凶
1209,cult,崇拝、熱狂
1210,cultivate,耕作する、栽培する、（才能など）をみがく、養う
1211,culture,文化、教養、洗練、耕作、栽培、飼育、芸術、文学
1212,cumulative,累積する、しだいに増加する
1213,cunning,悪賢い、ずるい、ずるさ
1214,curb,抑制する、拘束する、(歩道の)縁石
1215,cure,治療する、取り除く、治療
1216,curfew,門限
1217,curiosity,好奇心
1218,curious,好奇心の強い、好奇心をそそる、奇妙な
1219,currency,通貨、普及
1220,current,現在の、通用している、流れ
1221,curriculum,カリキュラム、(学校の)教科課程
1222,curse,呪い(の言葉)、ののしり、をののしる
1223,curve,（道路などの）カーブ、曲線
1224,custody,親権、保護、管理、拘留
1225,custom,慣習、習慣、（商店などへの）愛顧、（～s）関税、税関
1226,customary,習慣的な
1227,customer,顧客
1228,cyberspace,サイバースペース
1229,cycle,周期、循環、自転車に乗る、循環する
1230,cynical,軽蔑する、冷笑的な〔に〕、皮肉な、ひねくれた
1231,dagger,短剣
1232,daily,日常（の）、毎日（の）
1233,dairy,〔集合的に〕乳製品、乳製品加工所［販売者］
1234,damage,損害を与える、損害、損傷
1235,damp,湿った
1236,danger,危険、脅威
1237,dare,あえて（～）する、～に立ち向かう、思い切って～する
1238,daring,大胆な、勇敢な
1239,data,（単複両扱い）情報、データ（単数形はdatum）
1240,database,データベース、データの集積
1241,dawn,夜明け、始まり、わかり始める
1242,daylight,昼間、公表
1243,dazed,呆然とした
1244,dazzle,の目をくらます、目がくらむこと、輝き
1245,deadline,締め切り
1246,deadlock,行き詰まり
1247,deadly,致命的な、命にかかわる
1248,deaf,耳が聞こえない
1249,deal,扱う、対処する、分配する
1250,death,死（亡）
1251,debatable,議論の余地のある
1252,debate,議論、論争、討論する、論争する
1253,debris,（破壊された後の）残骸、瓦礫、がらくた
1254,debt,借金（状態）
1255,debut,デビュー、初舞台、デビューする
1256,decade,10年間
1257,decay,腐敗する、（徐々に）衰える
1258,deceased,死去した
1259,deceitfully,偽って、人を惑わすように
1260,deceive,だます
1261,decency,礼儀正しさ、良識
1262,decent,まともな、まあまあの、慎みのある、かなりよい、きちんとした
1263,deception,詐欺
1264,deceptive,人を惑わすような
1265,decide,決める、決意する、決着をつける
1266,decision,決定、決心
1267,decisive,決定的な、断固とした
1268,declaration,宣言、公表、申告
1269,declare,宣言する、言明する、断言する
1270,decline,減少、衰退、低下、減少する、衰退する、を断る
1271,decode,(暗号・符号)を解読する
1272,decorate,装飾する
1273,decoration,飾り、飾り付け、装飾品
1274,decrease,減少する、を減らす
1275,dedicate,ささげる
1276,dedicated,献身的な、熱心な
1277,deduce,推論[推定、演繹]する、(結論)を出す
1278,deduct,を控除する、を減じる
1279,deed,行為、行い
1280,deem,[他] (Ｏ (to be)Ｃ)ＯをＣだと思う
1281,deer,シカ（複数形も同形）
1282,default,初期設定、デフォルト、不履行
1283,defeat,失敗(させる)、敗北（させる）
1284,defect,欠陥、欠点、障害
1285,defective,欠陥のある
1286,defend,防御する、弁護する
1287,defendant,被告(人)
1288,defensive,防御的な
1289,defiant,挑戦（反抗）的な
1290,deficiency,不足、欠陥
1291,deficit,不足（額）、欠損
1292,define,定義する、明確に定める
1293,definite,明確な
1294,definitely,絶対
1295,definition,定義
1296,deflate,(タイヤ・風船などが)しぼむ、をしぼませる
1297,deflect,(人の注意・非難など)をそらす、の方向を変えさせる
1298,deforestation,森林破壊
1299,deformity,変形、奇形
1300,defy,逆らう、反抗する、挑む
1301,degrade,の品位を下げる、(価値・品質)を下げる、低下する
1302,degree,学位、（温度・角度などの）度、程度、段階
1303,dehydrate,を脱水する、(野菜など)から水分を抜く
1304,dehydration,脱水(症状)
1305,dejected,落胆した、元気のない
1306,delay,遅延、延期、を遅らせる、を延期する、のろのろする
1307,delegate,(権限など)を委任する、(人)を代表として派遣する
1308,delegation,代表派遣、使節
1309,delete,削除する、消す
1310,deliberate,慎重な、意図的な、落ち着いた、ゆっくりの、熟考する
1311,deliberately,故意に
1312,delicate,繊細な、かよわい、（問題などが）微妙で扱いにくい
1313,delight,大きな喜び、を大喜びさせる、楽しむ
1314,delinquent,非行の
1315,delirious,精神が錯乱した
1316,deliver,配達する、（演説など）をする、（子）を出産する
1317,demand,要求する、要求、需要
1318,dementia,認知症
1319,demise,消滅、終わり、死去
1320,democracy,民主主義、民主政治、民主国家
1321,democratic,民主主義の、民主的な
1322,demographic,人口統計学の
1323,demographics,人口統計の
1324,demolish,破壊する、粉砕する
1325,demonstrate,証明する、実演する、デモをする
1326,demote,を降格する
1327,denial,否定、拒否
1328,denounce,非難する、責める
1329,dense,密集した、濃い
1330,density,密度
1331,dent,へこみ
1332,deny,～を否定する、～を（…に）与えない
1333,depart,出発する、（～から）それる（from）
1334,department,部門、学科、～省、（百貨店などの）売り場
1335,departure,出発
1336,depend,頼る、依存する、左右される、（～によって）決まる
1337,dependency,依存、従属
1338,depict,描写する
1339,depiction,描写
1340,deplore,嘆き悲しむ、非難する
1341,deploy,を有効活用する、を配置する
1342,deposit,置く、預金する、預金、手付金、堆積物
1343,depot,倉庫
1344,deprecate,を非難する、に反対を唱える
1345,depress,落胆させる、押し下げる、憂鬱にさせる
1346,depression,憂うつ、うつ病、不況、低気圧
1347,depressive,憂うつな、うつ病の
1348,deprivation,喪失、欠乏、はく奪
1349,deprive,～から（～を）奪う、～から剥奪する
1350,depth,深さ
1351,derive,由来する、～を得る
1352,descend,（be ～ed）由来する、を降りる、伝わる
1353,descendant,子孫
1354,descent,下降、降下、下り坂、家系
1355,describe,描写する、～を（…だと）言う、説明する
1356,description,描写、説明
1357,desert,(見)捨てる、砂漠、不毛の
1358,deserted,人気のない
1359,deserve,～に値する、～を受ける価値がある
1360,design,設計する、設計（図）、デザイン、意図
1361,designate,指名する、指定する、指名された
1362,desirable,望ましい
1363,desire,欲望、要望、（強く）を望む
1364,desolate,寂しい、孤独な、荒れ果てた、みじめな、を寂しくさせる
1365,despair,絶望
1366,desperate,自暴自棄の、絶望的な、（～したくて）たまらない
1367,despise,軽蔑する、ひどくきらう
1368,despite,～にもかかわらず
1369,destination,目的地
1370,destined,運命である
1371,destiny,運命
1372,destroy,破壊する、滅ぼす、殺す
1373,destruction,破壊、破滅
1374,detach,切り離す、取り外す
1375,detached,切り離された
1376,detachment,超然、分離
1377,detail,詳細、細部
1378,detain,拘留する
1379,detect,感知する、見つけ出す、に気づく
1380,detention,拘置、留置
1381,deter,妨げる、思いとどまらせる
1382,deteriorate,悪化する、低下する
1383,determine,決意する、はっきりと決める
1384,deterrent,抑止するもの
1385,detonate,爆発する
1386,detour,迂回(路)、回り道
1387,detriment,損害、損失
1388,detrimental,（to ～）（～に）有害な
1389,devalue,（通貨を）切り下げる
1390,devastate,壊滅させる
1391,develop,発達する、を発達させる、を開発する、を発症する
1392,developer,宅地造成業者、開発者
1393,device,装置、機器、方策、デバイス
1394,devious,不誠実な
1395,devise,考案する
1396,devoid,欠いている、持っていない
1397,devote,充てる、ささげる
1398,devoted,献身的な、熱中している
1399,devour,むさぼり食う
1400,diabetes,糖尿病
1401,diagnose,診断する
1402,diagnosis,診断
1403,diagonally,斜めに、対角線的に
1404,diagram,図(表)
1405,dialect,方言、地方語
1406,dialogue,対話、会話、意見の交換
1407,diameter,直径、倍率
1408,diarrhea,下痢
1409,dictate,書きとらせる、命令する
1410,dictator,独裁者
1411,dictum,格言、意見
1412,diet,食事、ダイエット、食習慣、（the D-）国会
1413,dietary,食事の
1414,differ,異なる、意見が合わない、違う
1415,differently,異なって
1416,difficulty,困難(さ)
1417,diffuse,放散させる、流布させる、広まる、発散(流布)した
1418,dig,掘る、探求する
1419,digest,消化する、理解する、要約する
1420,digestion,消化（作用）
1421,digestive,消化の
1422,digit,数字
1423,digital,デジタル方式の、デジタル［数字］表示の
1424,dignity,威厳、気品、尊厳
1425,dilemma,ジレンマ、板挟み
1426,diligent,勤勉な、一生懸命な、念入りな、骨を折った
1427,dilution,希釈
1428,dim,ぼんやりした、かすかな
1429,dimension,局面、次元、寸法、重要性
1430,diminish,減らす、減少する
1431,dining,食事（をすること）
1432,dinosaur,恐竜
1433,dioxide,二酸化物
1434,dip,ちょっと浸る、浸す、沈む、ちょっと浸すこと、低下
1435,diploma,卒業〔終了〕証書、学位授与証
1436,diplomacy,外交（的手腕）
1437,diplomat,外交官
1438,diplomatic,外交的な、外交官の、外交的手腕に優れた、外交上の
1439,direct,道を教える、向ける、指図（指示）する
1440,direction,方向、指導
1441,directly,直接に
1442,dirt,汚れ、泥
1443,disability,障がい
1444,disabled,障がいのある、障がい者用の
1445,disadvantage,不利（な点）、障害、（信用などの）損失
1446,disadvantaged,(経済的・社会的に)恵まれない
1447,disagree,不賛成である、意見が食い違う
1448,disappear,消える、見えなくなる
1449,disappoint,失望させる、（希望など）をくじく
1450,disapprove,賛成しない、を認めない
1451,disarm,武装解除する
1452,disaster,（大）災害
1453,disastrous,悲惨な、災害を引き起こす
1454,disband,解散する
1455,discard,(不用品・習慣・友人など)を捨てる、放棄
1456,discern,見つける、見分ける、識別する
1457,discharge,放出する
1458,disciplinary,規律の、規律に関する、学科の
1459,discipline,訓練する、しつける、訓練、しつけ、規律
1460,disclose,公表する、暴く
1461,discomfort,不快、不便
1462,disconnect,(人)のインターネットへの接続を切る、の接続を断つ
1463,discontent,不満
1464,discord,不一致、不和
1465,discount,割引（率）、を割引する、（話など）軽視（無視）する
1466,discourage,やる気をなくさせる、落胆させる
1467,discouraging,がっかりさせる
1468,discourse,話し合い、会話、講演、論説
1469,discover,（偶然に）を発見する、に気づく
1470,discredit,に疑いをかける、の信憑性を失わせる
1471,discreet,思慮分別のある、目立たない
1472,discriminate,差別する、識別する、～を区別する
1473,discrimination,差別、区別
1474,discriminatory,差別的な
1475,discuss,～について話し合う
1476,disdain,軽蔑、を軽蔑する
1477,disease,病気
1478,disgrace,不名誉
1479,disguise,変装する、隠す、見せかけ、ごまかし
1480,disgust,嫌悪、をむかむかさせる
1481,dish,皿、（皿に盛った）料理
1482,dishonesty,不正(行為)、不正直
1483,dislike,嫌う、嫌悪
1484,dislocate,を脱臼させる、を混乱させる
1485,dismal,気分を暗くさせる
1486,dismantle,分解する
1487,dismay,ろうばいさせる、落胆させる、ろうばい、落胆
1488,dismayed,うろたえ
1489,dismiss,無視する、解雇する、解散する
1490,disobedient,従順でない、違反する
1491,disorder,障害、（心身の）不調、混乱
1492,disown,関係を否定する
1493,disparity,不釣り合い、相違
1494,dispatch,派遣する、発送する、処理する
1495,dispel,追い散らす
1496,dispense,分配する、配給する、施す、投薬する
1497,disperse,分散させる、散布する、広める、消散する
1498,displace,～に取って代わる、移動させる
1499,display,陳列する、示す、見せびらかす、展示、表に出すこと
1500,displeasure,不満、不快
1501,disposable,使い捨ての
1502,disposal,処分、処理、処分の自由、(人・物などの)配置
1503,dispose,処置する、処分する、配置する、～を…する気にさせる
1504,disprove,の誤りを証明する、の反証を挙げる
1505,dispute,討論、紛争を議論（論争）する、に反論する
1506,disregard,無視する、軽視する、無視、軽視
1507,disrupt,中断させる、混乱させる、分裂させる
1508,dissatisfied,不満な、不満そうな
1509,dissolve,溶かす、解散する、解消する、溶ける
1510,distance,距離
1511,distant,遠い、距離のある、（関係が）冷ややかな
1512,distinct,明らかに異なる、明瞭な
1513,distinctly,はっきりと、明確に、本当に
1514,distinguish,"区別する, 見分ける"
1515,distort,ゆがめる、ねじる
1516,distortion,ゆがみ、歪曲、ゆがめられた物〔状態〕
1517,distract,そらす
1518,distraction,気が散ること、気を散らすもの、気晴らし
1519,distress,苦悩、疲労、困窮、を苦悩させる
1520,distribute,分配する、〔受身形で〕分布する
1521,distribution,分配、配給
1522,district,地域、地区
1523,disturb,かき乱す、妨害する、邪魔をする
1524,disturbance,妨害、騒乱
1525,ditch,溝
1526,diverge,分岐する、分かれる、異なる
1527,divergence,逸脱，相違，《数学》発散
1528,diverse,さまざまな
1529,diversion,気晴らし、注意をそらすこと、目的変更、方向転換
1530,diversity,多様性、相違点
1531,divert,そらす、迂回させる、転用する
1532,divide,分割する、分離する、分ける、分類する
1533,divine,神の、神にささげる
1534,division,部門、分割、分配、割り算
1535,divorce,離婚する、～を（…から）分離する
1536,dizzy,めまいのする、目もくらむような
1537,do,～に～をもたらす、役に立つ、～をする
1538,dock,埠頭、波止場、(艦船の)ドック
1539,doctorate,博士号
1540,doctrine,教義、主義
1541,document,記録する、文書、記録
1542,dodge,を巧妙に逃れる
1543,dogma,教義、定説； 独断
1544,dollar,ドル、１ドル紙幣
1545,dolphin,イルカ
1546,domain,(活動・関心・知識などの)領域、分野、範囲、領地、領土
1547,domestic,家庭の、国内の、（動物が）飼いならされた
1548,domestication,飼いならすこと、順応
1549,dominance,支配、優勢
1550,dominant,支配的な、より優位にたつ
1551,dominate,支配する、優勢である
1552,donate,寄付する、贈与する、（臓器・血液）を提供する
1553,donation,寄贈〔寄付〕、(血液・臓器などの)提供
1554,donkey,ロバ
1555,doom,破滅、運命、死、を運命づける(to)
1556,doomed,運命にある
1557,dormant,（火山などが）休止状態の，眠っている
1558,dormitory,寮
1559,dose,（薬の1回分の）服用量
1560,dot,点、しみ
1561,doubly,二重に、二倍に
1562,doubt,疑う、～ではないと思う
1563,doubtful,疑わしい、疑っている
1564,downfall,破滅、転落、(雨・雪などの)大降り
1565,downplay,を軽く扱う
1566,downright,まったく、まったくの、率直な
1567,downtown,町の中心街、町の中心街へ
1568,downturn,(景気などの)下降(状態)
1569,dozen,ダース（12個）（の）
1570,draft,下書き、為替手形、すき間風
1571,drag,引きずる、のろのろと進む、だらだらと続く
1572,drain,排出させる、空にする、使い果たす、水がはける、徐々に尽きる
1573,drama,ドラマ、演劇
1574,dramatic,劇的な、演劇の
1575,drastic,徹底的な、思い切った、猛烈な、抜本的な
1576,drastically,劇的に
1577,draw,引く、描画する、近づく、引き分け
1578,drawback,欠点、不利な点
1579,dread,ひどく恐れる、恐怖
1580,dreadful,ひどい、いやな、恐ろしい
1581,dreary,わびしい、退屈な
1582,dress,衣服を着せる、ドレス、衣服
1583,drift,漂う、（知らぬ間に）移り変わる、漂流物
1584,drill,訓練、（反復）練習、ドリル、錐
1585,drive,駆り立てる、（車）を運転する、車で送る、衝動
1586,drizzle,霧雨（が降る）
1587,drone,ドローン、(無線操作の)無人機
1588,droop,垂れ下がる
1589,drought,干ばつ、（慢性的な）不足
1590,drown,溺死させる、溺れ死ぬ、ずぶ濡れになる
1591,drowsy,眠い
1592,drug,薬、麻薬
1593,dual,二の、二重の
1594,dubious,疑わしい、信用できない、疑っている
1595,due,～するはず、到着予定で、期限が来て、当然支払うべき、正当な
1596,dull,退屈な、（色などが）くすんだ、曇った
1597,dumb,口が利けない、ばかな、愚かな
1598,dump,捨てる、ドサッと落とす、ごみ捨て場、ごみの山
1599,dumping,（ごみなどの）投げ捨て、投棄
1600,duplicate,複製する
1601,durable,耐久性がある、長持ちする：（状況などが）長く続く
1602,duration,（時間の）継続、持続（時間）
1603,dust,ほこり
1604,Dutch,オランダ人[語](の)
1605,dutiful,忠実な
1606,duty,任務、義務、関税
1607,dwell,住む、宿る
1608,dweller,居住者
1609,dwindle,低下する、だんだん小さくなる
1610,dye,染料、染まる（染める）
1611,dynamic,活動的な、精力的な、動的な
1612,eager,熱望して、熱心な
1613,early,早く、初期に；早い、初期の
1614,earn,（働いてお金など）を稼ぐ、（名声など）を得る
1615,earnest,熱心な、真剣な、重大な、厳粛な
1616,earthquake,地震
1617,earthworm,ミミズ
1618,ease,容易さ、安楽さ、を和らげる、を取り除く
1619,east,東（部）（の）
1620,eccentric,常軌を逸した、一風変わった、変な
1621,echo,まねる、踏襲する、反響させる；こだま、反響、繰り返し
1622,eclipse,（日食・月食などの）食、（名声などの）失墜
1623,ecological,生態学の
1624,ecologist,生態学者、環境保護論者
1625,ecology,生態学、生態(系)、自然環境、エコロジー
1626,economic,経済(学)の
1627,economical,経済的な、安上がりな
1628,economist,経済学者
1629,economy,経済（状態）、経済圏、節約
1630,ecosystem,生態系
1631,ecstatic,有頂天の
1632,edge,端、ふち、刃（先）
1633,edible,食用の、食べられる
1634,edit,編集する
1635,edition,(刊行物の)版
1636,editor,編集者、編集長
1637,editorial,社説
1638,educate,教育する、に教える、（能力など）を養う
1639,education,教育
1640,educator,教育者、教師、教育学者(米)
1641,eel,ウナギ
1642,eerie,不気味な
1643,effect,影響、効果、結果、（結果を）もたらす
1644,effective,効果的な
1645,efficient,効率的な、有能な、効率的に仕事をこなす
1646,effort,努力
1647,ego,うぬぼれ、自我
1648,Egypt,エジプト
1649,eject,を取り出す、を追い出す
1650,elaborate,詳しく述べる、手の込んだ、複雑な
1651,elbow,ひじ
1652,elderly,初老の、年配の
1653,elect,～を選ぶ、～を選挙で選ぶ
1654,election,選挙、当選
1655,electric,電気の、電気で動く
1656,electrical,電気の、電気を扱う
1657,electricity,電気
1658,electrode,電極
1659,electronic,電子（工学）の
1660,elegant,優雅な、上品な
1661,element,要素、元素、基礎、自然の力
1662,elemental,すさまじい、根本的な、自然の
1663,elementary,初級の、基本的な
1664,elevate,を上げる、を昇進させる
1665,elevation,向上、昇進、上げること、標高
1666,elevator,エレベーター
1667,eligible,適格の、資格のある、（結婚相手として）望ましい
1668,eliminate,～を除去する、～を完全になくす、～を取り除く
1669,elite,〔通例the～〕〔集合的に〕エリート
1670,elk,ヘラジカ
1671,eloquent,雄弁な、よく表す(of)
1672,elsewhere,どこか他のところに
1673,embark,乗り込む、着手する
1674,embarrass,当惑させる、困らせる、恥ずかしい思いをさせる
1675,embassy,大使館、大使館員
1676,embed,〔通例受身形で〕埋め込まれる、はめ込まれる
1677,embody,（思想など）を具体化する
1678,embrace,含む、（考えなど）を受け入れる、（人）を抱きしめる
1679,emerge,現れる、明らかになる、抜け出す
1680,emergency,非常事態、緊急事態
1681,emigrate,移住する
1682,emigration,移住、移民団
1683,eminent,著名な、すぐれた、卓越した
1684,emission,放出（量）
1685,emit,放出する、出す、送る
1686,emotion,感情、情動、感動
1687,empathy,感情移入、共感
1688,emperor,皇帝
1689,emphasize,強調する、重点を置く
1690,empire,帝国、大企業
1691,empirical,実験〔実証・経験〕に基づいた
1692,employ,雇う、使う
1693,employee,従業員
1694,employment,雇用
1695,empower,権限を与える
1696,empty,空になる、を空にする、空の、空虚な
1697,emulate,見習う
1698,enable,（人）が…できるようにする、を可能にする
1699,enact,制定する
1700,encase,を入れる、を含む
1701,enchant,魅了する、魔法をかける
1702,enclose,同封する、取り囲む
1703,encompass,[他] ～を含む
1704,encounter,遭遇する、（思いがけず）出会う
1705,encourage,～を…するよう励ます、促進する
1706,encouraging,勇気づける、望みを持たせる
1707,encyclopedia,百科事典
1708,end,端、終了、目的、終わらせる、終わる
1709,endanger,危険にさらす
1710,endangered,絶滅の危機に瀕した
1711,endeavor,努める、努力
1712,endocrine,内分泌の
1713,endorse,を推奨する
1714,endow,授ける、与える、寄付する
1715,endowed,恵まれる
1716,endure,耐える、持ちこたえる
1717,enemy,敵（軍）
1718,energetic,（人，運動などが）活発な
1719,energy,エネルギー、活力
1720,enforce,施行［実施］する、強制する
1721,engage,引き付ける、雇う、従事させる、婚約させる、従事する
1722,engineering,工学(技術)
1723,enhance,高める、より良くする
1724,enjoyment,楽しみ、享受
1725,enlighten,啓発する、啓蒙する、教える、知らせる
1726,enlightened,進んだ考えの
1727,enlightenment,啓蒙、啓発
1728,enlist,入隊する、参加する、(支持・協力)を得る
1729,enormous,巨大な、莫大な
1730,enough,十分な、十分に、必要なだけの数量
1731,enrage,を憤慨させる
1732,enrich,豊かにする、濃縮化する
1733,enroll,登録する、入会する、を登録させる
1734,enrollment,登録
1735,ensue,続いて起こる
1736,ensure,確実にする、守る
1737,entail,伴う、引き起こす、含む
1738,entangle,もつれさせる、絡ませる、巻き込む
1739,enter,～に入る、～を記入する、～に加わる
1740,enterprise,企業、事業、企画、進取の気性
1741,entertain,楽しませる、もてなす、考慮する、心に抱く
1742,entertainment,娯楽、催し物、接待
1743,enthusiasm,熱情、熱意
1744,enthusiastic,熱狂的な、熱心な
1745,entice,誘惑する
1746,entire,全体の、全部の、完全な
1747,entirely,まったく
1748,entitle,資格を与える、権利を与える、表題を付ける
1749,entitled,得る権利がある、題された
1750,entity,存在、存在物、統一体
1751,entrepreneur,起業家、事業家
1752,entrust,AにBを任せる
1753,envelop,包む
1754,envelope,封筒
1755,envious,うらやんで、うらやましそうな
1756,environment,環境
1757,envision,を心に思い描く、を想像する
1758,envoy,使節
1759,envy,うらやむ、ねたむ、ねたみ、うらやむ気持ち
1760,epidemic,伝染病、伝染病の流行、伝染病の、流行の
1761,epidemiology,疫学、流行病学
1762,episode,出来事、エピソード、１話
1763,epoch,時代、画期的な出来事
1764,equal,等しい、匹敵する、平等な
1765,equality,平等、対等
1766,equate,等しいとみなす、等しくする
1767,equation,方程式、同一視、均衡
1768,equator,赤道
1769,equip,備え付ける、装備する、身につけさせる
1770,equipment,装備、備品
1771,equivalent,同等の、担当する、同等のもの
1772,era,（政治・歴史上重要な）時代
1773,eradicate,[他] ～を根絶する
1774,erase,消し取る、削除する
1775,erect,建てる、直立させる、直立した
1776,erode,腐食する； ～を腐食する、侵食する
1777,erosion,浸食、衰え
1778,errand,（人の）使い、使い走り、用件
1779,erratic,不規則な
1780,error,（基準から外れた）誤り
1781,erupt,（火山が）噴火する、勃発する
1782,eruption,噴出、噴火、発生
1783,escape,逃げる、免れる、脱出、逃避
1784,escort,を護衛[護送]する、に付き添う
1785,essay,（学生に課される）レポート、エッセイ
1786,essential,必要不可欠な、本質的な
1787,establish,設立する、確立する、立証する
1788,establishment,設立、制定、組織
1789,estate,財産、地所
1790,esteem,尊敬、尊重、評価、を尊ぶ、とみなす〔思う〕
1791,estimate,見積もる、判断（評価）する、見積もり（書）、判断
1792,estimation,評価、意見、判断
1793,eternal,永遠の、不変の
1794,eternity,永久、永遠
1795,ethic,倫理、道徳、倫理［道徳］規範
1796,ethical,倫理(上)の、道徳の
1797,ethics,倫理学（観）、道徳（律）
1798,ethnic,民族の、人種の、民族特有の
1799,euphoria,幸福感
1800,Europe,ヨーロッパ
1801,evacuate,を避難させる、から立ち退く
1802,evacuated,避難した
1803,evade,避ける、回避する
1804,evaluate,評価する、査定する
1805,evaporate,蒸発する、消散する、を蒸発させる
1806,even,…さえ、（比較級の前で）いっそう
1807,event,(重要な)出来事、事件
1808,eventually,結局、最終的に
1809,everyday,日常の、毎日の
1810,evidence,証拠、（事実を示す）形跡
1811,evident,明白な、明らかな
1812,evil,害悪、邪悪、邪悪な
1813,evoke,呼び起こす、引き起こす、誘い出す
1814,evolution,進化(論)、発展
1815,evolve,（徐々に）発展する、進化する
1816,exact,正確な、まさにその
1817,exactly,ちょうど、正確に
1818,exaggerate,誇張する、強調する、誇張する
1819,exaggeration,誇張
1820,examine,調べる、診察する、尋問する
1821,excavate,[他] ～を発掘する
1822,excavation,発掘
1823,exceed,～を超える、～より勝る
1824,excel,秀でている、に勝る、より優れている
1825,excellent,非常に優れた
1826,except,～を除いて、 ～以外は
1827,exception,例外
1828,exceptional,例外的に優れた、まれな
1829,excerpt,抜粋、引用
1830,excess,過剰、超過
1831,excessive,過度の
1832,exchange,交換する、交換し合う、両替する
1833,excite,興奮させる
1834,exclaim,（突然）叫ぶ
1835,exclude,除外する
1836,exclusive,高級な、排他的な
1837,exclusively,もっぱら，～専用で
1838,excursion,遠足、団体の小旅行、脱線、逸脱
1839,excuse,許す、言い訳をする
1840,execute,実行〔遂行〕する、死刑を執行する、処刑する
1841,executive,(経営)幹部、執行権のある、行政の
1842,exempt,免除する
1843,exemption,(義務・責任などの)免除
1844,exercise,課題、行使、練習、運動、行使する、運動させる[する]
1845,exert,（力など）を用いる、を行使する、努力する、尽力する
1846,exhale,(息・煙・言葉など)を吐き出す
1847,exhaust,疲れ果てさせる、使い尽くす、排気する
1848,exhausted,疲れ切っている
1849,exhibit,展示する、（感情や能力）を示す、展示（品）
1850,exile,国外追放、亡命、国外追放する
1851,exist,存在する、生存する
1852,existence,存在、生存
1853,exotic,異国風の、（動植物などが）外来の、風変わりな
1854,expand,拡大する、広がる、膨張する
1855,expect,予期する、～を期待する、～だろうと思う
1856,expectancy,期待、見込み
1857,expectation,期待、予期、予想
1858,expedition,遠征、探検隊、小旅行
1859,expel,追い出す、追い払う
1860,expend,（労力・金・時間など）を費やす、を消費する
1861,expenditure,支出
1862,expense,〔～s〕経費、費用、犠牲
1863,expensive,高価な
1864,experience,経験、体験
1865,experienced,熟練した
1866,experiment,実験
1867,experimental,実験の、実験[試験]的な
1868,expert,専門家、熟練者、熟達した
1869,expertise,専門知識、専門的意見
1870,expire,(契約などが)終了する、死ぬ、息を吐きだす
1871,explain,説明する
1872,explicit,明白な、率直な
1873,explode,爆発する、急増する、を論破する
1874,exploit,（資源など）を開発する、～を搾取する、～を利用する
1875,exploration,探検、調査
1876,explore,調査［探究］する、探検［探査］する
1877,explosion,爆発
1878,exponential,（増加が）指数関数的な，急激な
1879,export,輸出する、外国に広める、輸出、輸出品
1880,expose,さらす、暴露する、露出する
1881,exposure,身をさらすこと、暴露
1882,express,はっきりした、急行の、速達便の
1883,expression,表現、表情
1884,exquisite,この上なく優れた、たいへんすばらしい
1885,extend,延長する、～を拡大する、～を示す、～を施す
1886,extensive,広範囲の、大規模な
1887,extent,程度、範囲
1888,exterminate,根絶する、皆殺しにする
1889,external,外部の、対外的な
1890,extinct,（動物のある種族などが）絶滅した、消えた
1891,extinction,絶滅
1892,extinguish,消す、失わせる
1893,extra,追加の、余分の、別勘定の
1894,extract,抽出する、引き出す、抽出物、抜粋
1895,extraordinary,並はずれた、異常な、驚くべき
1896,extravagant,仰々しい、金遣いの荒い、ぜいたくな
1897,extreme,極端な、極度の、過激な
1898,extremely,非常に
1899,extrovert,外向的な、社交的な
1900,eyebrow,眉毛
1901,eyelash,まつげ
1902,eyelid,まぶた
1903,eyesight,視力、資格
1904,eyesore,目ざわりなもの
1905,fable,たとえ話、つくりばなし
1906,fabric,織物、織り方、基本構造[関係]
1907,fabricate,をでっち上げる、を組み立てる
1908,fabulous,すばらしい
1909,facade,うわべ、見せかけ
1910,face,～に直面する、～に面する
1911,facial,顔の
1912,facilitate,を促進する、を容易にする
1913,facilitated,促進された
1914,facility,施設、設備、容易さ、能力
1915,fact,事実
1916,factor,要因、因子
1917,factory,工場
1918,faculty,能力、才能、機能、(大学の)学部、教授陣
1919,fade,あせる、消えていく、しぼむ
1920,fail,失敗する、～しない、できない(to do)、役立たない
1921,failure,失敗
1922,faint,かすかな、弱々しい、ぼんやりした、気を失いそうな
1923,fair,公平な、公正な、まあまあの、かなりの、美しい、品評会
1924,fairly,かなり、適切（公平）に
1925,fairy,妖精の（ような）
1926,faith,信頼、信仰（心）
1927,fake,偽造する、のふりをする
1928,fallacy,誤った考え、誤信、錯誤
1929,FALSE,誤った、間違った、うその、偽りの、真実とは違う
1930,falsify,を偽造する
1931,fame,名声
1932,familiar,精通した、なじみのある
1933,familiarize,慣れさせる
1934,famine,飢饉、（食糧・物資の）ひどい不足
1935,famous,有名な
1936,fanatical,狂信的な、熱狂的な
1937,fancy,空想、好み、高価な、装飾的な、を想像する、を好む
1938,fantasize,空想する
1939,fantastic,すてきな、途方もない、架空の
1940,fantasy,空想、幻想、幻想的作品
1941,far,大いに、遠くへ、ほど遠い[=決して～でない]
1942,fare,（交通機関の）運賃
1943,farewell,お別れ
1944,farming,農業
1945,fascinate,魅惑する、うっとりさせる
1946,fascination,魅力、引きつけられること
1947,fashion,流行、ファッション、方法、流儀
1948,fast,速い、固定した、しっかりと、ぐっすりと、断食する
1949,fasten,しっかり留める
1950,fat,太っている、脂肪（分）
1951,fatal,致命的な、取り返しのつかない
1952,fatality,死亡者
1953,fate,運命、結末、最期
1954,fatigue,疲労
1955,fault,誤り、欠陥、欠点、（落度などの）責任
1956,faulty,(機械・装置などが)欠陥のある
1957,favor,好意、親切な行為、支持、賛成する、えこひいきする
1958,favorable,好意的な、好ましい
1959,favorite,お気に入りの（もの）
1960,fear,恐れる、気づかう、恐怖、心配
1961,feasible,（計画・方法などが）実現［実行］可能な
1962,feast,ごちそう、祝宴、祝祭(日)
1963,feat,功績、(熟練体力を要する)妙技、離れ業、偉業
1964,feather,羽、羽毛
1965,feature,特徴、（複数）顔立ち、呼び物、を呼び物とする
1966,featureless,特色のない、感じやすい
1967,federal,連邦（政府）の
1968,federation,連邦、連邦国家
1969,fee,（参加・入場の）料金、（専門職への）謝礼
1970,feeble,弱々しい、ひ弱な
1971,feed,食べ物［乳］を与える、供給する、餌を食べる
1972,feeling,感情、（漠然とした）感じ、感覚
1973,fellow,仲間、奴、同僚、同級生、男
1974,female,女性（の）、雌（の）
1975,feminine,女らしい
1976,ferocious,残忍な、ものすごい
1977,fertile,肥沃な、創造力豊かな、（動植物が）生殖力のある
1978,fertility,多産、繁殖能力（のあること）、肥沃なこと
1979,fertilizer,肥料
1980,fetch,取って来る、連れてくる、進路を取る、取って来ること
1981,feudal,封建時代［制度］の、封建的な
1982,fever,熱、熱狂
1983,fiber,繊維(の１本)、繊維質、食物繊維
1984,fiction,小説、フィクション、作り話、虚構
1985,fictional,架空の、フィクションの
1986,fictitious,架空の、偽りの
1987,field,場、畑、田、野原、競技場、分野
1988,fierce,どう猛な、激しい、厳しい
1989,fight,戦う、けんか、戦い
1990,figure,と思う、数字、姿、（～な）人物、図形
1991,file,(書類などの)ファイル、（書類などを）提出する
1992,fill,満たす、占める
1993,film,映画、フィルム
1994,filter,フィルター、濾過機、染み出る、を濾過する、を取り除く
1995,filthy,汚い、不潔な
1996,finale,終楽章、フィナーレ
1997,finally,とうとう、終わりにあたって
1998,finance,融資する、資金を提供する
1999,financial,財政（上）の、財界の
2000,finding,発見（物）、報告、判決
2001,fine,すばらしい、細かい、罰金、～に罰金を科す
2002,fingerprint,指紋
2003,finite,有限の、限られた
2004,fire,（労働者）を首にする、（銃など）を発射する
2005,fireplace,暖炉
2006,firm,堅固な、しっかりした、安定した、会社
2007,first,第一の；まず第一に；最初のうちは
2008,firsthand,直接の
2009,fisherman,漁師、釣り人
2010,fist,握りこぶし
2011,fit,合う、取りつける、適した、体調がよい、発作
2012,fix,修理する、（食事など）を用意する、固定する、決める
2013,flame,火炎、光彩、（顔・頬などが）赤らむ、（炎を上げて）燃える
2014,flap,パタパタ動く、羽ばたく、をパタパタ動かす
2015,flare,ぱっと燃え上がる
2016,flash,ひらめき、閃光、ひらめく、ぴかっと光る
2017,flat,単調な、そっけない、平らな、断固とした、均一の
2018,flatter,お世辞を言う、おべっかをつかう
2019,flattery,お世辞、おべっか
2020,flavor,風味、に風味をつける
2021,flaw,欠点、きず
2022,flee,逃げる、～から逃げる
2023,flesh,（人・動物の）肉、果肉
2024,flexible,柔軟な、柔らかい、融通のきく
2025,flight,（飛行機の）便、飛ぶこと、飛行、逃走、脱出
2026,flip,はじく、ひっくり返す、裏返す、切り替える
2027,float,浮く、漂う、浮かべる
2028,floating,浮かぶ
2029,flock,群れ、群衆、大群、一群、集まる、群れをなす
2030,flood,洪水、あふれる、水浸しにする、
2031,flourish,（文化などが）栄える、（植物などが）繁茂する
2032,flourishing,栄えている
2033,flow,流れる、流れ
2034,flu,インフルエンザ（influenzaの略）
2035,fluctuate,[自] （数値，物価が）変動する
2036,fluent,流暢な、緩やかな
2037,fluid,流体、流動性の：変わりやすい、(言葉が)流暢な
2038,fluoride,フッ化物
2039,flush,紅潮、上気、突然の高まり、水洗すること
2040,flutter,はばたきする、はためく、どきどきする、はばたき、動揺
2041,focus,集中させる、焦点を合わせる、焦点が合う、焦点、重点
2042,foe,敵
2043,fog,霧
2044,foil,を失敗に終わらせる、を挫折させる
2045,fold,包む、折りたたむ、（手足など）を組む
2046,folk,人々、〔～s〕皆さん、〔one's ～s〕家族
2047,folklore,民間伝承
2048,follow,従う、後について行く、後に起こる
2049,follow-up,追跡調査、追加、続行
2050,fond,Aが好きだ
2051,fool,愚か者、をばかにする
2052,forbid,禁止する
2053,force,～に無理やり…させる、力、（複数形で）軍隊
2054,forecast,予報する、予想する、予報、予想
2055,forehead,ひたい
2056,foreign,外国の、異質の
2057,foresee,（問題・事故など）を予知する
2058,foresight,先見の明、洞察力
2059,foretell,予言（予知）する
2060,forge,偽造する、（関係など）を築く、鍛造する
2061,forgive,(人・行為・罪など)を許す
2062,form,形（態）、申込用紙、を形作る、形になる
2063,formalize,を形式化する
2064,format,書式、形式、（本などの）型
2065,formation,形成、構成（物）、隊列
2066,former,前(者)の、（the）（２つのうちの）前者
2067,formerly,かつては、以前は
2068,formidable,手ごわい
2069,formula,(複～sまたはformulae)公式、決まったやり方
2070,formulate,(計画など)を(注意深く)まとめる、を明確に述べる
2071,forsake,見捨てる
2072,forth,前へ、先へ、それ以降
2073,forthcoming,来るべき
2074,fortuitous,偶然の、思いがけない
2075,fortune,財産、幸運、運命
2076,forward,前に、将来に向かって、(手紙・メール)を転送する
2077,fossil,化石、時代遅れの人［物］
2078,foster,促進する、養育する、里親（里子）の
2079,foul,不快な、汚い、反則の、反則
2080,found,設立する、基礎を築く
2081,foundation,基礎、設立
2082,founder,創設者
2083,fountain,噴水、泉
2084,fraction,わずか、一部、分数
2085,fracture,骨折、割れ目、裂け目
2086,fragile,壊れやすい、はかない
2087,fragment,破片、かけら
2088,fragrance,芳香
2089,fragrant,香りの良い
2090,frailty,もろさ
2091,frame,校正、骨組み、骨格、枠、額縁、組み立てる、枠にはめる
2092,framework,枠組、骨組み
2093,frank,率直な
2094,frankly,率直に
2095,frantic,大急ぎの、気が狂いそうな
2096,fraud,詐欺（行為）、（金銭などの）搾取、詐欺師、偽善者、偽物
2097,free,無料の、自由な、ひまな、制約のない
2098,freedom,自由
2099,freeze,凍る、を凍らせる、（計画・資金など）を凍結する
2100,freight,貨物、積み荷
2101,frequency,"頻度, 頻繁； 周波数"
2102,frequent,たびたびの、頻繁に起こる
2103,frequently,頻繁に
2104,fresh,新鮮な
2105,friction,摩擦、あつれき、不和
2106,friendship,友人関係、友情
2107,fright,(突然の・一時的な)恐怖(感)
2108,frighten,おびえさせる、びっくりさせる
2109,frontier,国境、辺境、未開拓分野、最先端
2110,frost,霧（が降りる）
2111,frown,眉をひそめる、眉をしかめること、しかめ面
2112,frugal,安上がりの、質素な、倹約する、無駄遣いしない、簡素な
2113,frustrate,いら立たせる、（計画・希望など）を挫折させる
2114,frustrated,いらいらしている
2115,fuel,燃料、勢いを増加させるもの
2116,fulfill,果たす、添う、満たす
2117,fully,全く、完全に
2118,fumigate,消毒する
2119,function,機能、役割、働き、式典、会合
2120,functional,機能的な
2121,fund,基金、資金
2122,fundamental,基本的な、必須の、基本
2123,fundamentally,基本的に、根本的に
2124,funeral,葬式
2125,fungus,（かび・キノコなどの）菌類
2126,fur,毛、毛皮
2127,furious,激怒した、猛烈な
2128,furnish,備え付ける、用意する
2129,furnished,家具付きの
2130,furniture,家具
2131,furthermore,さらに
2132,fury,激しい怒り、（風雨などの）激しさ
2133,fusion,融合、連立
2134,fuss,大騒ぎ、やきもきすること、騒ぎ立てる、やきもきする
2135,fussy,つまらないことにやきもきする、騒ぎ立てる
2136,futile,無益な、役に立たない、つまらない
2137,future-oriented,未来志向の
2138,gadget,機械器具
2139,gain,手に入れる、増す、良くなる、利益、増大
2140,galaxy,星雲、銀河、〔the G～〕銀河系
2141,gale,強風
2142,gallery,画廊、美術館、バルコニー、観客
2143,game-changer,革命的なこと[人・物]
2144,gangster,ギャングの一員、暴力団員
2145,gap,割れ目、（時間的）空白、（見解などの）相違
2146,garbage,（主に台所から出る）ゴミ
2147,gargle,うがいをする
2148,garment,衣服、衣類
2149,gas,ガス、気体、ガソリン
2150,gather,集める、わかる、推測する、増す、集まる
2151,gaudy,派手な
2152,gauge,基準、容積、計器、推し測る、慎重に判断する
2153,gaze,見つめる(こと)
2154,gear,用具（一式）、器具、歯車、ギア
2155,gender,性、性の差、性別
2156,gene,遺伝子
2157,general,世間一般の、一般的な、全体的な、大まかな
2158,generalization,一般化
2159,generally,一般的に、大体
2160,generate,生み出す、発生させる
2161,generation,世代
2162,generosity,寛大さ、気前の良さ
2163,generous,寛大な、気前のよい、豊富な
2164,genesis,起源、発生
2165,genetic,遺伝（子）の、発生の
2166,genetically,遺伝子的に、遺伝学的に
2167,genius,天才、才能
2168,genocide,大量虐殺
2169,genome,ゲノム
2170,genre,ジャンル、酒類
2171,gentle,優しい
2172,gently,優しく、静かに
2173,genuine,本物の、偽りのない
2174,genuinely,本当に、実に、心から、純粋に
2175,geographical,地理的な、地理学（上）の
2176,geography,地理、地理学
2177,geological,地質学的な
2178,geology,地質学、地質（構造）
2179,geometry,幾何学
2180,germ,細菌、病原菌、幼芽
2181,gesture,身ぶり
2182,ghost,幽霊、幻影
2183,giant,巨大な、巨人、偉人
2184,gift,贈り物、才能
2185,gifted,才能のある
2186,gigantic,巨大な、莫大な
2187,given,～を考慮すると、～と仮定すると、特定の、任意の
2188,glacier,氷河
2189,glance,ちらっと見ること
2190,glare,ぎらぎら光る、じっとにらむ、ぎらぎらする光、怒りのまなざし
2191,glass,ガラス、（a ～ of）コップ１杯の、（複数）めがね
2192,glide,滑らかに動く、音もなく移動する
2193,glimpse,ちらりと見る、（～が）ちらりと見える
2194,glitter,きらきら光る、輝き
2195,global,世界的な、全体的な
2196,globalization,国際化
2197,globe,球体、世界、地球儀、（the～で）地球
2198,gloomy,暗い、陰鬱な、悲観的な
2199,glorify,賛美する、称賛する、飾る、栄光を与える
2200,glory,栄光、壮観
2201,glossary,用語小辞典、用語集
2202,glossy,光沢のある
2203,glow,光り［照り］輝く、赤く燃える、紅潮する
2204,glue,貼り付ける、接着剤でつける、接着剤
2205,goad,を駆り立てる、駆り立てて～させる；駆り立てるもの、突き棒
2206,goal,名、目標、ゴール
2207,good,（―s）商品、利益、（a ― many ～）かなりの
2208,goods,商品
2209,goodwill,好意、厚意、親切心、信用、営業権
2210,gorgeous,華やかな、すばらしい
2211,gossip,うわさ話をする
2212,govern,治める、支配する、左右する、抑制する
2213,government,政府
2214,governor,知事
2215,grab,つかむ、横取りする、急いで食べる
2216,grace,気品、優雅さ、好意、神の恵み、慈悲
2217,gracious,親切な、丁寧な
2218,gradation,段階的変化、グラデーション
2219,grade,学年、程度、成績、を段階別にする
2220,gradual,徐々の、緩やかな
2221,gradually,だんだん
2222,graduate,卒業する（from）、卒業生、大学院生
2223,graffiti,落書き
2224,grain,穀物、穀粒、少量、微量、木目
2225,grammar,文法
2226,grammarian,文法家、文法学者
2227,grand,壮大な、偉大な
2228,grandparent,祖父（母）
2229,grant,（人）に（許可・権利など）を与える、を認める
2230,graphic,図、挿絵
2231,grasp,把握する、つかむ、つかむ（理解する）こと
2232,grass,（牧）草
2233,grassland,牧草地、草原
2234,grateful,感謝している
2235,gratification,満足(感)、喜び、満足を与えるもの
2236,gratify,喜ばせる
2237,gratitude,感謝(の気持ち)
2238,gratuity,チップ
2239,grave,重大な、威厳のある、真面目な、厳粛な、墓場
2240,graveyard,（教会の）墓地
2241,gravitate,引き寄せられる
2242,gravity,重力、引力、重量、重大さ
2243,graze,(家畜などが)牧草を食べる
2244,Greece,ギリシャ
2245,greed,どん欲、どん欲さ
2246,greedy,欲深い、貪欲な、食い意地の張った、がつがつした
2247,greenhouse,温室
2248,greet,あいさつをする、出迎える
2249,grid,（電気などの）供給網、格子（模様）、碁盤目
2250,grief,深い悲しみ
2251,grieve,深く苦しむ、深く悲しませる
2252,grim,（状況などが）暗い、（表情が）険しい
2253,grimace,しかめ面をする； しかめ面
2254,grind,（臼などで）挽く、すりつぶす、ギシギシ音を立てる
2255,grip,しっかりつかむ、しっかりつかむこと
2256,groan,うめく声、うなる音、文句、うめく
2257,grocery,食料雑貨店、食料品
2258,gross,ひどい、巨大な、全体の、総計
2259,ground,根拠、理由、土地、土壌、運動場、地面、地表
2260,growl,うなり声、うなる、不平を言う、どなる
2261,growth,発展、成長
2262,grumble,文句を言う、不平を言う、不満、苦情
2263,guarantee,保証する、保証
2264,guard,守る、見張る、警備（員）
2265,guardian,保護者、管理者
2266,guess,推測する、言い当てる
2267,guest,招待客、宿泊客
2268,guidance,指導、案内
2269,guide,案内する、指導する、案内人（書）、指針
2270,guideline,指針、指標、目標、ガイドライン
2271,guilty,罪悪感のある、有罪の
2272,gull,カモメ
2273,gulp,がぶがぶ飲む
2274,gun,拳銃
2275,gush,噴出する
2276,gust,突風、噴出、(感情の)爆発
2277,gut,腸、消化管、内臓
2278,guy,やつ、男
2279,gymnastics,（器械）体操
2280,habit,（個人の無意識的な）習慣、癖
2281,habitat,生息地、（人の）居住地
2282,habitual,習慣的な
2283,hail,ひょう、あられ
2284,halt,停止・中断させる[する]、停止、中断
2285,hamper,妨げる
2286,handful,（a～of…）１つかみの量の…
2287,handle,取っ手、つまみ、うまく扱う、操縦する
2288,handout,(講演・授業などの)配布物、プリント
2289,hang,つるす、掛ける、ぶら下がる
2290,happen,起こる
2291,harass,困らせる、悩ます
2292,harassment,嫌がらせ、ハラスメント
2293,harbor,港、湾、避難所、隠れ場所
2294,hardly,ほとんど…ない
2295,hardship,苦難、窮乏
2296,hardy,頑丈な、耐寒性の
2297,hare,野ウサギ
2298,harm,損害、危害、害する
2299,harmful,害のある
2300,harmless,害のない
2301,harmony,調和
2302,harness,[他] （自然の力など）を利用する
2303,harsh,厳しい、不快な
2304,harvest,収穫（物・期）、を収穫する
2305,haste,急ぐこと、あわてること
2306,hasty,急ぎの、早まった
2307,hatch,孵化させる、孵化する、たくらむ
2308,hate,憎む、嫌う
2309,hatred,憎しみ、憎悪、嫌悪
2310,haunt,につきまとう、出没する
2311,haunted,つきまとわれる
2312,haven,避難所、保護区、港
2313,hay,干し草
2314,hazard,危険、～を危険にさらす
2315,hazardous,危険な、冒険的な
2316,hazy,ぼんやりした、不明確な、かすんだ
2317,head,向かう、進む
2318,headache,頭痛（の種）
2319,headline,（新聞などの）見出し
2320,headquarters,本部、本社
2321,heal,治す、癒やす、治る、癒える
2322,healthful,健康によい
2323,healthy,健康な
2324,heap,（積み上げられた）山、堆積、積み上げる
2325,heating,暖房(装置)
2326,heaven,天国、（H～で）神
2327,hectic,やたらと忙しい
2328,heed,(助言・警告など)に注意する
2329,heel,かかと
2330,height,高さ、身長、高地、絶頂、丘、高台
2331,heighten,強める、増す、強まる、増す
2332,heir,相続人、継承者、後継者
2333,helpful,親切な、役に立つ
2334,helpless,無力な
2335,hemisphere,（地球の）半球、半球体
2336,hemp,麻、大麻
2337,hence,それゆえに
2338,herald,[他] ～の先触れをする
2339,herbivore,草食動物
2340,herd,群れ、集める
2341,hereditary,遺伝的な
2342,heredity,遺伝（形質）
2343,heritage,（文化的）遺産、伝統
2344,hero,英雄、主人公
2345,hesitant,ためらいがちな
2346,hesitate,ためらう
2347,hibernation,島民
2348,hide,隠す、隠れる
2349,hierarchy,階層制、支配層
2350,highlight,強調する、光を当てる
2351,highly,非常に、高く
2352,highway,幹線道路
2353,hinder,妨げる、邪魔になる、障害となる
2354,hinge,ちょうつがい
2355,hint,それとなく言う、ヒント、気配、(a ～ of)少量の
2356,hire,雇う
2357,history,歴史、歴史学、経歴
2358,hit,たたく、当たる、攻撃する、打撃
2359,hive,ミツバチの巣（箱）、人の集まる所
2360,hobby,趣味
2361,hole,穴
2362,holistic,全体論の、総合的な
2363,hollow,空洞の、空虚な、うわべだけの
2364,holly,セイヨウヒイラギ
2365,holy,神聖な
2366,homogeneous,均質の
2367,honest,正直な、率直な
2368,honor,名誉、名誉を与える、尊敬する
2369,honorable,尊敬すべき、立派な、高潔な
2370,horizon,地[水]平線、範囲
2371,horizontal,水平の
2372,hormonal,ホルモンの
2373,hormone,ホルモン
2374,horrible,恐ろしい、ひどく不快な
2375,horrify,ぞっとさせる
2376,horror,恐怖、強い嫌悪、嫌な物［人］
2377,hospitality,親切なもてなし、歓待、受容性
2378,host,主催する、のホスト役を務める
2379,hostage,人質
2380,hostile,敵意のある
2381,household,家族、家庭、世帯、家庭の
2382,hover,(鳥・昆虫・ヘリコプターなどが)空中(の一点)に止まる
2383,however,しかし、どんな～でも、どのように～しても
2384,hug,抱きしめること、抱き合う
2385,huge,膨大な、巨大な
2386,human,人間の、人情のある、人間
2387,humane,思いやりのある、人道的な
2388,humanitarian,人道主義の
2389,humanity,人類、人間性、人情、人文科学
2390,humankind,(単複両扱い)人類
2391,humble,(食事などが)質素な、乏しい、謙遜した
2392,humid,湿気のある
2393,humidity,湿気
2394,humiliate,に恥をかかせる、に屈辱を与える
2395,humility,謙虚さ、謙遜、卑下
2396,humor,ユーモア、気分、機嫌、気質
2397,hump,（ラクダなどの）こぶ
2398,hunger,渇望、飢え
2399,hunt,狩る、捜す、狩り、探索
2400,hurdle,障害
2401,hurt,にけがをさせる、の感情を害する、痛む
2402,hybrid,雑種、混成物、ハイブリッド車
2403,hydrogen,水素
2404,hydropower,水力発電
2405,hygiene,衛生（状態）、健康法
2406,hymn,賛美歌
2407,hypocrisy,偽善(行為)、見せかけ
2408,hypocritical,偽善の
2409,hypodermic,皮下（注射）の
2410,hypothesis,仮説、（議論の）前提
2411,hypothetical,仮説〔仮定〕の、仮説上の
2412,hysterical,ヒステリックな
2413,iceberg,氷山
2414,idea,考え、思いつき、理解、見解、概念
2415,ideal,理想的な、観念的な、理想
2416,idealistic,理想主義の
2417,identical,まったく同一の、同様の
2418,identify,同一のものとみなす、確認する
2419,Ideology,思想、イデオロギー
2420,idle,仕事がない、動いていない、無駄な
2421,ignition,(エンジンの)点火装置、点火
2422,ignorance,無知、無学
2423,ignorant,無知な
2424,ignore,"無視する, 知らないふりをする"
2425,illegal,違法の、不法の
2426,illiterate,読み書きのできない
2427,illness,病気
2428,illogical,筋の通らない、不合理な
2429,illuminate,明るくする、解明する
2430,illumination,証明、(複数形で)イルミネーション
2431,illusion,錯覚、思い違い、幻想
2432,illustrate,説明する、挿絵を入れる
2433,image,画像、像、印象、生き写し
2434,imagery,像、映像、比喩的表現
2435,imaginary,架空の
2436,imaginative,想像力豊かな
2437,imagine,想像する、推測する
2438,imbalance,不均衡、アンバランス
2439,imitate,真似する
2440,immeasurable,計り知れない、果てしない、広大な
2441,immediate,即座の、直接の
2442,immediately,即座に
2443,immense,巨大な、莫大な
2444,immerse,～を浸す、没頭させる
2445,immersed,浸る
2446,immigrant,移民
2447,immigrate,移住する
2448,immigration,移民、移住、入国管理
2449,immortality,不死、不滅
2450,immovable,動かせない
2451,immune,免疫を持つ、免れた
2452,immunity,免疫（性）
2453,impact,影響、衝突、衝撃（力）
2454,impair,害する、(価値など)を減じる
2455,impaired,～に障害のある、弱った、損なわれた
2456,impairment,障害、損傷
2457,impart,与える、伝える
2458,impartial,公平な
2459,impassable,(川・道などが)通行できない、(困難・障害などが)克服できない
2460,impatience,いらだち、じれったさ
2461,impede,邪魔する、妨げる
2462,imperative,必須の、急務の
2463,imperial,帝国の、皇帝の
2464,impersonal,人間味のない
2465,implant,を移植する、を教え込む、植え付ける
2466,implement,道具、手段、実行する
2467,implication,(裏の・言外の)意味、(予想される)影響、結果
2468,implicit,暗黙の、内在する
2469,imply,暗に意味する、ほのめかす
2470,import,輸入する、取り込む
2471,importance,重要性
2472,impose,課す、押しつける、つけこむ
2473,imposing,印象的な，人目を引く，堂々とした
2474,impotence,無力、無能、無気力
2475,impractical,実用的ではない、非現実的な
2476,impress,強い印象を与える、感動させる
2477,impression,印象、感動
2478,impressive,印象的な、感動的な
2479,imprisonment,投獄、収監
2480,improper,不適切な、無作法な
2481,improve,改善する、よくなる
2482,improvise,[他] ～を即興で作る［歌う，演奏する］
2483,impulse,衝動、刺激
2484,impulsive,衝動的な、感情にかられた
2485,in spite of,～にもかかわらず
2486,inability,無能、無力
2487,inaccurate,不正確な、誤りのある
2488,inactive,不活発な、停止中の
2489,inadequate,不十分な、不適当な
2490,inanimate,生命のない、活気のない
2491,inappropriate,ふさわしくない、不適当な
2492,inattentive,不注意な、怠慢な
2493,inborn,生まれつきの、生来の
2494,incautiously,不注意にも、うかつに
2495,incentive,刺激、動機、やる気を出させるもの
2496,inception,初め、発端
2497,incessant,絶え間のない
2498,inch,インチ（2.54cm）
2499,incidence,発生(率)
2500,incident,出来事、事件、紛争
2501,incisive,明敏な、鋭い
2502,inclination,意向、願望、好み
2503,incline,傾ける、～を…する気にさせる、傾く
2504,inclined,～する傾向がある
2505,include,含む
2506,including,を含めて
2507,inclusive,全てを含んだ
2508,income,収入、所得
2509,incompetent,無能な、無力な、無能力者
2510,incomprehensible,理解できない、わかりにくい
2511,inconsiderable,ささいな、わずかな
2512,inconsistent,一致していない、相反する
2513,inconvenience,に不便[迷惑]をかける；不便、迷惑、迷惑なもの[人]
2514,inconvenient,不便な、不都合な
2515,incorporate,取り入れる、組み込む
2516,increase,増加する、を増やす
2517,increasingly,ますます
2518,incredible,信じがたい、途方もない、とてもすばらしい
2519,incriminate,に罪を負わせる、を告発する
2520,incurable,不治の、治らない
2521,indebted,恩を受けている
2522,indeed,実際は、本当に、実に
2523,indefinite,不定の、ぼんやりした、不明瞭の
2524,independence,独立、自立
2525,independent,独立した
2526,index,指標、索引、指数、見出し
2527,indicate,指し示す、明らかにする、ほのめかす
2528,indication,兆候、指示
2529,indicative,指示する、暗示する
2530,indifferent,無関心な
2531,indigenous,固有の、現地の、生来備わった
2532,indigestion,消化不良、不消化
2533,indignation,憤慨
2534,indirect,間接の、まわりくどい
2535,indispensable,不可欠な
2536,indisputable,明白な、確実な
2537,individual,個人的な、個々の、特有の、個性的な
2538,induce,説得して～.させる(to do)、引き起こす
2539,indulge,没頭させる、甘やかす、～にふける
2540,indulgent,寛大な、甘い
2541,industrial,産業の
2542,industrialize,産業化する
2543,industry,産業、勤勉
2544,inefficient,非効率的な
2545,inept,不適切な
2546,inequality,不平等
2547,inevitable,避けられない、必然的な
2548,inevitably,必然的に
2549,infamous,いまわしい、悪名高い
2550,infant,（乳）幼児、（乳）幼児期の
2551,infect,感染する
2552,infection,感染（症）
2553,infectious,伝染性の
2554,infer,推論する、推測する
2555,inferior,より劣った
2556,inferiority,劣等、下位
2557,inferred,推量する
2558,infertility,不妊症
2559,infinite,無限の、無数の
2560,infinity,無限大
2561,inflammation,炎症
2562,inflate,ふくらませる、（物価）をつり上げる
2563,inflation,インフレ、高騰
2564,inflict,（苦痛、損害、罰など）を与える
2565,influence,影響を及ぼす、影響
2566,influential,影響力のある
2567,influx,(人・物の)殺到、(水・空気の)流入
2568,inform,知らせる、情報を提供する
2569,informal,形式ばらない、略式の、くだけた
2570,informant,情報提供者、内通者
2571,information,情報、案内（所）
2572,informative,有益な、情報[知識]を提供する
2573,infrastructure,インフラ、基本的施設、（経済）基盤
2574,ingenious,発明の才に富む、巧妙な、利口な
2575,ingenuity,創意、工夫、発明の才
2576,ingenuous,純真な、無邪気な
2577,ingest,摂取する
2578,ingredient,材料、成分
2579,inhabit,～に住んでいる、宿る
2580,inhabitant,住民、生息動物
2581,inhale,を吸い込む
2582,inherent,本来備わっている、固有の
2583,inherit,受け継ぐ、相続する
2584,inheritance,遺産
2585,inhibit,妨げる、～に…するのをやめさせる、抑制する物〔人〕
2586,inhospitable,もてなしの悪い、不愛想な、住むのに適さない
2587,initial,最初の、初期の、頭文字
2588,initially,初めのうちは、最初に
2589,initiate,を新たに始める
2590,initiative,構想、主導権、
2591,inject,注射する、注入する、導入する
2592,injection,注射、投入
2593,injure,傷つける、損なう
2594,injury,負傷、（名誉などを）傷つけること
2595,inland,内陸の
2596,inmate,(刑務所などの)収容者、入院患者
2597,innate,生まれつき持っている、固有の
2598,inner,内部の
2599,innocence,無罪、潔白
2600,innocent,無罪の、無邪気な、無知の
2601,innovation,刷新、大発明、革命的な変化
2602,innovative,革新的な
2603,innumerable,無数の、数え切れないほどの
2604,input,入力（情報）、投入、(情報の)提供
2605,inquire,尋ねる、調査する
2606,inquiry,調査、質問、問い合わせ
2607,insane,狂気の、正気ではない、非常識な
2608,inscription,碑文、刻むこと
2609,insect,昆虫
2610,insecurity,不安(感)、不安定（なもの）
2611,insert,挿入する、挿入物、折込広告
2612,inside,～の中に、内部の、内側
2613,insight,見識、理解（力）、洞察力
2614,insist,主張する、言い張る、要求する
2615,insistent,強く主張する、強要する、しつこい
2616,insoluble,不溶性の、解決できない
2617,insomnia,不眠症
2618,inspect,検査する、詳しく調べる
2619,inspection,検査、点検
2620,inspire,奮い立たせる、励ます、吹き込む、感動を与える
2621,install,インストールする、設置する、就任させる
2622,installment,分割払いの一回分
2623,instance,例、場合
2624,instant,即刻の、瞬間
2625,instantly,すぐに
2626,instead,その代わりに、そうではなくて
2627,instigate,推進する、扇動する
2628,instill,を徐々に教え込む、しみこませる
2629,instinct,本能、勘、直感、衝動
2630,institute,工科大学、研究所、協会
2631,institution,施設、（公共）機関、団体、制度、慣習
2632,institutional,制度(上)の、協会[学会]の
2633,instruct,に指示する、に教える
2634,instruction,指示、使用書
2635,instrument,器具、楽器
2636,instrumental,重要な役割を果たす
2637,insufficient,不十分な、不適当な
2638,insult,侮辱する、侮辱
2639,insurance,保険、保険料、保険金
2640,intact,無傷の、そっくり残って、完全な
2641,intake,摂取（量）、取り入れ
2642,integral,不可欠の、組み込まれた、内蔵型の、積分
2643,integrate,結合する、溶け込ませる、溶け込む
2644,integrity,高潔さ、誠実さ、統一された状態
2645,intellect,知性、〔the～(s)〕知識人
2646,intellectual,知的な、知識人
2647,intelligence,知性； 諜報
2648,intelligent,聡明な、知能を有する
2649,intelligible,理解可能な、判読可能な
2650,intend,～するつもりだ（to do）
2651,intense,強烈な、激しい
2652,intensity,強烈さ
2653,intensive,集中的な、強い、激しい
2654,intent,熱中して、集中した、意図、目的
2655,intention,意図
2656,intentionally,故意に、意図的に
2657,interact,相互に影響する、相互にやりとりする
2658,interaction,交流、相互作用
2659,interest,興味を起こさせる、興味、利益、利子
2660,interfere,妨げとなる、干渉する
2661,interior,室内の、内部の
2662,intermediate,中級の、中間の
2663,intermittently,断続的に、途切れ途切れに
2664,internal,内部の、国内の、内面的な
2665,international,国際的な、国家間の
2666,Internet,インターネット
2667,internship,【米】実務研修、研修期間
2668,interpersonal,人間[対人]関係の
2669,interpret,解釈する、通訳する
2670,interpretation,解釈、通訳
2671,interrogate,尋問する、取り調べる
2672,interrupt,邪魔をする、割り込む、中断する、
2673,intersect,交わる、横切る、区分する
2674,intersection,交差点
2675,interval,間隔、周期、休止期間
2676,intervene,干渉する、仲裁する、介在する
2677,intervention,介入、仲裁、干渉
2678,interview,インタビュー(する)、面接（する）
2679,intestine,腸
2680,intimate,親密な、とても私的な、内心の
2681,intimidate,脅す
2682,intoxicated,酒に酔った、熱狂した
2683,intricate,入り組んだ、複雑な、はっきりしない
2684,intrigue,の興味〔好奇心〕をそそる、陰謀
2685,intrigued,興味をそそられる
2686,intriguing,興味深い
2687,intrinsic,固有の、本来備わっている
2688,introduce,導入する、紹介する
2689,introspection,内省、自己反省
2690,intrude,押し入る、入り込む、侵害する
2691,intruder,侵入者
2692,intrusion,侵入、（意見などの）押しつけ
2693,intuition,直観(的洞察)
2694,invade,侵略する、侵害する、（場所）に殺到する
2695,invalid,(法的に)無効な、説得力のない
2696,invaluable,極めて貴重な[高価]な
2697,invariably,常に、いつも決まって
2698,invasion,侵害、侵入
2699,invent,発明する、（話）をでっちあげる
2700,inventive,独創的な
2701,inventory,目録、明細表
2702,invest,投資する、つぎ込む
2703,investigate,調査する、究明する、調査する
2704,investigation,(詳しい)調査、研究
2705,invincible,無敵の
2706,invisible,見えない
2707,invite,招待する、～に…～することを勧める
2708,invoice,明細請求書、納品書
2709,involuntary,無意識の、自由意志によらない、意志に反した
2710,involve,巻き込む、含む、没頭させる、複雑にする
2711,involved,関係している、参加している
2712,involvement,関与、巻き込まれること
2713,ion,イオン
2714,Ireland,アイルランド
2715,iron,鉄壁
2716,ironic,皮肉な
2717,ironically,皮肉にも
2718,irony,皮肉、予想に反する結末
2719,irrational,理性のない、不合理な
2720,irregular,不規則な
2721,irrelevant,無関係の、見当違いの
2722,irresistible,抵抗できない、非常に魅力的な
2723,irresponsible,無責任な
2724,irreversible,元に戻せない
2725,irrigation,灌漑（かんがい）
2726,irritate,いらいらさせる、ひりひりさせる
2727,irritation,いらだち
2728,island,島
2729,isolate,孤立させる、分離する、隔離する
2730,isolated,孤立している
2731,isolation,孤立，分離，孤独感
2732,issue,発行する、支給する、問題、(雑誌などの)号
2733,item,記事、品物、品目、項目、箇条
2734,itinerary,旅行の日程、旅行計画
2735,jail,刑務所、拘置所
2736,jam,詰め込む、動かなくする、込み合い、ジャム
2737,janitor,(アパート・ビル・学校などの)用務員、管理人
2738,jar,(広口の)びん、つぼ
2739,jaw,あご
2740,jealous,ねたんで、嫉妬して、嫉妬深い
2741,jeopardize,を危険にさらす
2742,jewelry,宝石
2743,join,～に加わる、～をつなぐ、～に参加する
2744,joint,共同の、接合、継ぎ目、関節、を接合する
2745,journal,(定期刊行)雑誌、日誌
2746,journalism,ジャーナリズム、報道
2747,journey,旅行
2748,joy,喜び
2749,judge,判断する、裁く、裁判官、審判
2750,jumble,ごちゃまぜにする
2751,jump,跳ぶ、飛び上がる、飛ばす、跳ぶこと
2752,junction,合流点
2753,junk,くず、がらくた
2754,Jupiter,木星
2755,jury,陪審（員団）、審査員団
2756,Justice,正義、公正、裁判（官）
2757,justify,弁明する、正答する
2758,justly,正当に、当然のことながら
2759,juvenile,青少年の、若い、未熟な、青少年
2760,keen,熱心な、鋭い、強い
2761,kick,蹴る（こと）
2762,kid,子供、冗談を言う
2763,kidnap,～を誘拐する
2764,kidney,腎臓
2765,kin,血縁、親族
2766,kindergarten,幼稚園
2767,kingdom,王国、（通例the）～界
2768,kinship,血族関係
2769,kitten,子ネコ
2770,knee,ひざ
2771,knit,編む、組み合わせる、（まゆ）をよせる
2772,knock,たたく、ノック（の音）、打つこと
2773,knot,結び目
2774,knowledge,知識、知っていること、認識
2775,knowledgeable,よく知っている、物知りの
2776,label,ラベル、表示、～に…とラベルを付ける
2777,labor,（つらい）労働
2778,laboratory,実験室、研究所、研究室
2779,lack,不足、～を欠いている
2780,ladder,はしご、（出世の）階段
2781,lag,遅れること、時間のずれ
2782,lament,悲しむ、嘆く、悲しむ
2783,landfill,ごみ埋め立て地
2784,landmark,目じるし、画期的事件、歴史的建造物
2785,landmine,地雷
2786,landscape,風景(画)、地形
2787,lane,車線
2788,lap,ひざ
2789,lapse,(時間の)経過、ちょっとした誤り
2790,laptop,ラップトップ、ノートパソコン
2791,largely,ほとんど、主として
2792,last,最後の、この前の、続く、長持ちする
2793,lately,最近.
2794,latest,最新の
2795,Latin,ラテン語、ラテン系の人、ラテン系の
2796,latitude,緯度、許容範囲
2797,latter,後者の、後半の、後者
2798,laugh,笑う
2799,laughter,笑い
2800,launch,開始する、打ち上げる、発射、開始
2801,laundry,洗濯（物）、クリーニング屋
2802,law,法(律)、（自然界の）法則
2803,lawn,芝生
2804,lawsuit,（民事）訴訟
2805,lawyer,弁護士
2806,lay,置く、横たえる、（卵）を産む
2807,layer,（積み重ねたものの）層、地層
2808,lazy,怠け者の、くつろいだ
2809,lead,導く、を率いる、（生活）を送る、先導
2810,leader,指導者、リーダー、先頭に立つ人
2811,leadership,リーダーの地位、指導者の資質
2812,leading,主要な、最も重要な、一流の、先頭の
2813,leaflet,ビラ、小冊子、小さい葉
2814,league,（競技）連盟、同盟
2815,leak,漏らす、漏れる、ひび、割れ、漏れ
2816,lean,やせた、傾く、上体を曲げる
2817,leap,跳ぶ、(心が）おどる、（考えが）ひらめく
2818,lease,賃貸借契約
2819,least,最小（少）（の）、最も～でない
2820,leather,革製の（なめし）革、革製品
2821,leave,残す、置き忘れる、放っておく、出発する、許可、休暇
2822,lecture,講義、講演、講義する
2823,leftover,(特に食事の)残りもの
2824,legacy,遺産、遺物
2825,legal,法律の、合法の
2826,legally,法的に、合法的に
2827,legend,伝説、言い伝え、（図表の）凡例
2828,legible,読みやすい
2829,legislate,法律を制定する
2830,legislation,法律、立法
2831,legitimate,合法的な、妥当な
2832,legitimately,正当に、合法的に
2833,leisure,暇、余暇
2834,lend,貸す、与える
2835,length,（物や時間の）長さ
2836,lengthy,長い、長たらしい
2837,lenient,寛大な
2838,leprosy,ハンセン病
2839,less,より少なく[い]
2840,lessen,～を少なくする
2841,lesser,より劣った、重要でない
2842,lesson,教訓、レッスン、授業
2843,lest,～しないように
2844,let,～が…するのを許す、～を…の状態にする
2845,lethal,死を引き起こす、死に至る(to)
2846,letter,文字、手紙、(～s)文字、学識
2847,level,水準、程度、高さ
2848,leverage,てこの作用、影響力
2849,lexicon,語彙（集）、辞書
2850,liable,～しやすい、～しがちな、法的責任のある
2851,liberal,自由主義の、寛大な、一般教養の
2852,liberate,を解放する
2853,liberty,（拘束などのない）自由
2854,librarian,司書、図書館員
2855,license,認可する、免許（証）
2856,lick,なめる、ひとなめ、少量
2857,lid,(箱・鍋などの)蓋、まぶた
2858,lie,横たわっている、ある、嘘をつく、嘘
2859,life,生命、一生、人生、生物、元気、活気
2860,lifelong,生涯を通じての、一生の
2861,lifestyle,ライフスタイル、生活様式
2862,lifetime,一生
2863,lift,持ち上げる、高揚させる、上がる（こと）、乗せること
2864,lightning,稲妻
2865,likelihood,見込み、ありそうなこと
2866,likely,～しそうな、ありそうな、本当らしい
2867,likeness,似ていること
2868,likewise,同様に
2869,limb,手足、四肢
2870,limestone,石灰岩
2871,limit,制限する、制限、限界
2872,limitation,制限
2873,limited,限定された、わずかの
2874,line,職業、方針、短い手紙、線、列、（文の）行
2875,linger,居残りする、立ち去りかねている、まとわりつく
2876,linguistic,言語学の、言葉の
2877,linguistics,言語学
2878,link,関連、つながり、交通手段、リンク
2879,linkage,関連、連鎖
2880,lint,糸くず、綿くず
2881,lip,唇
2882,liquid,液体（の）
2883,list,リスト（一覧表）、をリスト（一覧表）にする
2884,literacy,読み書きの能力、（ある分野の）知識能力
2885,literal,文字どおりの、逐語的な、散文的な
2886,literally,文字通り
2887,literary,文学の、文語の
2888,literate,読み書きのできる、教養のある、文学に通じた
2889,literature,文学、文献、印刷物
2890,litter,ごみ、乱雑な状態
2891,livelihood,生計、生活手段
2892,lively,生き生きとした
2893,liver,肝臓、レバー
2894,livestock,(牛・羊・豚などの)家畜(類)
2895,lizard,トカゲ
2896,load,(荷など)を積む、積み荷、負担、多量
2897,loan,借金、ローン、を貸し付ける
2898,loathe,ひどく嫌う
2899,lobby,圧力団体、（ホテルなどの）ロビー、ロビー活動をする
2900,local,"地域の, 地元の、地元の人"
2901,locate,見つける、〔受身形で〕位置する
2902,location,場所、位置
2903,lock,錠（をかける）
2904,locomotive,機関車
2905,lodge,(苦情・抗議など)を申し出る、を預ける、を泊める
2906,lofty,崇高な、高慢な、非常に高い
2907,log,丸太、記録する
2908,logging,伐採
2909,logic,論理（学）、必然性
2910,logical,論理的な、筋が通った、論理学（上）の
2911,lonely,孤独の、寂しい
2912,long,熱望する、思い焦がれる
2913,longevity,長寿、寿命、長年勤続
2914,longitude,経度
2915,long-lasting,長続きする
2916,long-term,長期にわたる、長期的な
2917,loophole,抜け穴
2918,loose,ゆるい、解き放たれた、節度のない
2919,lord,貴族、（L-）～卿、君主
2920,lose,失う、負ける、（体重など）を減らす
2921,loss,紛失、損害、死、敗北
2922,lot,くじ、運命、区画、ひと山、たくさんのこと
2923,lottery,宝くじ、くじ引き、運、めぐりあわせ
2924,loudly,大声で、騒々しく
2925,lovely,すてきな、美しい
2926,low,低い、少ない、低く、少なく
2927,lower,下げる、下部の、下級の
2928,loyal,忠実な、誠実な
2929,loyalty,忠誠
2930,luck,（幸）運
2931,luggage,手荷物、旅行カバン
2932,lump,こぶ、はれ、固まり
2933,lung,肺
2934,lure,誘惑する、(釣りの)疑似餌、魅力
2935,luxurious,豪華な、ぜいたくな
2936,luxury,ぜいたく（品）、豪華な
2937,lynx,オオヤマネコ
2938,machinery,機械(装置)
2939,mad,怒っている、熱中して、ばかげた
2940,magnetic,磁気の、磁石の、人を引きつける
2941,magnificent,壮大な、素晴らしい、荘厳な、華やかな
2942,magnify,拡大する、強める、誇張する
2943,mainland,本土
2944,mainly,主として
2945,mainstream,（活動・思潮などの）主流、大勢
2946,maintain,維持する、主張する、扶養する、整備する
2947,maintenance,保守、整備、維持
2948,majestic,威厳のある、雄大な
2949,major,重大な、主要な、大部分の、専攻する
2950,majority,大部分、多数派
2951,makeup,化粧、化粧品、構成、性質
2952,male,男性（の）、雄（の）
2953,malicious,悪意ある、意地の悪い
2954,mall,ショッピングセンター
2955,malnutrition,栄養失調
2956,mammal,哺乳動物、哺乳類
2957,manage,経営する、管理する、何とかやり遂げる
2958,management,経営(者)、取り扱い
2959,mandatory,義務的な、強制的な、(統治を)委任された
2960,manic,躁状態の
2961,manifest,明らかにする、表す、明らかな、はっきりした
2962,manipulate,巧みに扱う、うまく処理する、操作する
2963,mankind,（集合的に）人類
2964,man-made,(物質などが)合成の、人工の
2965,manner,態度、方法、やり方行儀、作法、風習
2966,manual,手動の、手の、人力を要する
2967,manufacture,製造する、でっち上げる
2968,manufacturer,製造業者（メーカー）
2969,manuscript,（手書きの）原稿、写本
2970,maple,カエデ、モミジ
2971,margin,余白、縁、差、利ざや
2972,marine,海の、海に住む、海軍の、海兵隊
2973,mark,印、標的、記号、点数、印をつける、示す、特徴づける
2974,marked,著しい、顕著な
2975,markedly,目立って、明らかに
2976,marketing,マーケティング
2977,marriage,結婚
2978,married,結婚している
2979,marry,～と結婚する
2980,Mars,火星
2981,marvel,驚く、驚くべき人、偉業
2982,marvelous,驚くべき、不思議な、素晴らしい
2983,masculine,男性的な、力強い、男性、男性形（の語）
2984,mask,隠す、仮面
2985,mass,かたまり、多数［量］、一般大衆、庶民
2986,massive,極めて大きい
2987,master,主人、名人、習得する
2988,masterpiece,傑作、代表作、名人芸
2989,match,調和する、匹敵する、試合、匹敵するもの
2990,mate,仲間、つれあい（＝妻・夫）、（動物が）つがう
2991,material,資料、原料、物質、物質の、肉体（上）の
2992,materialistic,物質主義の
2993,maternal,母の、母親らしい、妊婦の
2994,maternity,母性
2995,mathematics,数学
2996,mating,交尾、交配
2997,matter,事柄、問題、事態、困難、物質
2998,mature,成熟した、熟した
2999,maxim,格言、原理
3000,maximize,を最大限にする
3001,maximum,最大限
3002,mayor,市長、（自治体の）長
3003,maze,迷路、複雑に込み入ったもの
3004,meadow,牧草地、草地
3005,meal,食事
3006,mean,意味する、つもりで言う、重要な意味を持つ
3007,meaning,意味、意図
3008,meaningful,意味のある
3009,meaningless,無意味な、無益な
3010,means,（単・複数扱い）手段、方法、財産、収入
3011,meantime,その間
3012,meanwhile,一方、その間
3013,measles,はしか、麻疹
3014,measurably,かなり目に見えて
3015,measure,測る、見積もる、示す、測定、手段、対策
3016,mechanic,機械工
3017,mechanical,機械的な、機械の、メカニズム
3018,mechanism,仕組み
3019,media,メディア、媒体
3020,median,中央の、中間の
3021,mediate,調停する、仲介する、中間の
3022,mediator,仲介者、調停者
3023,medical,医学の、医療の
3024,medication,医薬、薬物医療
3025,medicine,医薬、医学
3026,medieval,中世の、時代遅れの
3027,mediocre,平凡な
3028,meditate,じっくり考える、瞑想する、企てる
3029,meditation,（通例the）瞑想、熟考（on）
3030,Mediterranean,地中海の
3031,medium,中間、媒体、手段、（複数形mediaで）報道機関
3032,meet,～を満たす、～にかなう、交差する
3033,melancholy,憂鬱な、もの悲しい、憂鬱、哀愁
3034,mellow,(性格が)円熟した、柔らかくて豊かな[美しい]
3035,melt,溶ける、和らぐを溶かす
3036,membership,会員であること、会員権、会員、構成員
3037,memoir,回顧録
3038,memorable,忘れられない、記憶すべき
3039,memorize,[他] ～を暗記する
3040,memory,記憶（力）、思い出
3041,menace,脅威を与える、脅迫する
3042,mend,修理する、改める
3043,mental,心の、知的な、知能の、頭の中で考える
3044,mention,述べる、言及する、言及、軽く話題に触れること
3045,mentor,～を指導する、（会社，大学などでの）指導者
3046,merchandise,商品、グッズ、販売を促進する、取引する
3047,merchant,商人、商業の
3048,merciful,慈悲深い、情け深い
3049,Mercury,水星
3050,mercy,慈悲、幸運
3051,mere,単なる、ほんの
3052,merely,単に
3053,merge,合併する、溶け込ませる、合併する
3054,merit,利点、功績、真価
3055,merry,陽気な
3056,mess,混乱、取り散らかした状態、散らかす
3057,metabolism,代謝、代謝作用
3058,metallurgy,治金（術）
3059,metaphor,隠喩、象徴
3060,meteor,流星，隕石
3061,meteorite,隕石
3062,method,方法、筋道、体系、秩序
3063,methodology,方法論、研究方法
3064,metropolis,首都、大都市
3065,metropolitan,大都市の、首都圏の
3066,Mexico,メキシコ
3067,microbe,微生物、細菌
3068,microscopic,顕微鏡でしか見えない、微小の
3069,microwave,マイクロ波、電子レンジ（にかける）
3070,midday,正午、真昼
3071,middle,中央（の）、中間（の）
3072,midst,まっただ中
3073,mighty,強大な、広大な、並外れた
3074,migrate,移住する、（鳥などが）渡る
3075,migration,移住、移動
3076,mild,穏やかな、まろやかな、（程度などが）軽い
3077,mile,マイル（約1.609ｋｍ）
3078,mileage,総マイル数、走行距離
3079,milestone,画期的な出来事
3080,military,軍隊（軍人）の、軍隊
3081,mill,製造工場、製粉所、粉ひき機
3082,millennium,千年(祭)
3083,millionaire,百万長者、大富豪
3084,mimic,をまねる
3085,mind,精神、頭脳、注意（力）、嫌がる
3086,mine,鉱山、（知識などの）宝庫
3087,mineral,鉱物、ミネラル、鉱物を含んだ、鉱物の
3088,mingle,混ぜる、混ぜ合わせる
3089,miniature,小型の
3090,minimal,最小(限度)の
3091,minimum,最小限度
3092,minister,大臣、職者
3093,ministry,省庁
3094,minor,小さな、重要でない
3095,minting,（貨幣の）鋳造
3096,minute,非常に小さい、ささいな、詳細な
3097,miracle,奇跡
3098,mirror,鏡
3099,miscellaneous,種々雑多な
3100,mischief,いたずら、害、いたずらっ子
3101,mischievous,いたずら好きな
3102,misconception,誤解、誤った考え
3103,misdeed,悪行、非行、犯罪
3104,miserable,惨めな
3105,misery,悲惨さ、苦痛、苦難、惨めさ、不幸
3106,misfortune,不幸、不運
3107,mislead,誤解させる、欺く、間違った方向に導く
3108,misleading,人の判断を誤らせる、まぎらわしい
3109,miss,しそこなう、間に合わない、外す、～がないのを寂しく思う
3110,mission,（特別）任務、使節（団）
3111,missionary,伝道者、布教者
3112,mistake,間違える、誤り
3113,mistakenly,間違って
3114,misunderstand,誤解する
3115,mitigate,[他] （苦痛・影響・罰など）～を緩和する
3116,mixture,混合、組み合わせ
3117,moan,うめき声を出す、不平を言う、嘆く、うめき声、不満
3118,mob,群衆、野次馬、集団、（受け身で）取り囲まれる
3119,mobile,動きやすい、移動式の、流動的な
3120,mobility,可動性、流動性
3121,mobilize,を結集する、を動員する
3122,mock,ばかにする、のまねをしてからかう
3123,mode,方式、気分、形態、流行
3124,model,模型、手本、モデル
3125,moderate,普通の、穏やかな、抑える、穏やかになる
3126,moderation,適度に
3127,modern,現代の、近代の
3128,modernization,近代化、現代化
3129,modest,謙虚な、控えめな、質素な、まあまあの
3130,modify,修正する
3131,moist,しっとりした、湿った
3132,moisture,水分、湿気
3133,mold,型に入れて作る、形成する
3134,molecule,分子、微粒子
3135,moment,(特定の)時、瞬間
3136,momentary,瞬間の
3137,momentum,力、勢い、運動量
3138,monarch,君主、皇帝
3139,monarchy,君主制、君主国
3140,monetary,金銭的な、金融の
3141,monitor,（監視）モニター、を監視する
3142,monk,修道士、僧
3143,monologue,独白
3144,monopoly,独占、専売（権）、独占企業、専売会社
3145,monotonous,単調な、一本調子の、退屈な
3146,monument,記念碑、遺跡、不滅の業績
3147,monumental,きわめて重要な、歴史的な、記念碑の
3148,mood,気分、雰囲気
3149,moral,道徳規範、道徳的な
3150,morality,道徳（性）
3151,morally,道徳的に、道義上
3152,moreover,さらに
3153,mortal,致命的な、死すべき（運命の）
3154,mortality,死亡
3155,mortgage,住宅ローン、抵当（権）
3156,mosquito,蚊
3157,moss,コケ
3158,mostly,主に、たいていは
3159,moth,ガ
3160,motion,動き、動作、運動、動議
3161,motivate,（人）に動機を与える
3162,motive,動機、原動力となる
3163,motor,モーター、原動力
3164,mount,載せる、はめ込む、またがる、乗る
3165,mourn,悲しみ嘆く
3166,movement,運動（団体）、動き、移動
3167,mud,泥
3168,muddle,混乱させる；もたもたする
3169,muddy,泥だらけの
3170,mule,ラバ
3171,multicultural,多文化〔民族〕からなる
3172,multiple,多様な、倍数の、倍数
3173,multiply,数を掛ける、増やす
3174,multitude,多数
3175,mumble,つぶやく
3176,mummy,ミイラ、お母さん
3177,mundane,平凡な
3178,municipal,地方自治体の、市町（営）の
3179,murder,～を殺害する、殺人
3180,murmur,かすかな音、つぶやき、ざわめく、ささやく
3181,muscle,筋肉、筋力、腕力、体力
3182,mush,をつぶす；つぶしてどろどろにしたもの
3183,Muslim,イスラム教徒、イスラム教の
3184,mutation,突然変異（体）、変化
3185,mutter,つぶやき、不平、つぶやく、不平を言う
3186,mutual,共通の、相互の
3187,mystery,不思議、神秘
3188,mystical,神秘的な、不可思議な
3189,myth,作り話、神話、誤った考え
3190,mythology,神話、神話学、（比喩的に）俗説、迷信
3191,na?ve,だまされやすい、単純な、純真な、無邪気な
3192,nail,釘、びょう、爪、釘で留める、捕まえる
3193,naive,騙されやすい、単純な、純真な、無邪気な
3194,naked,裸の、あからさまな、無防備の
3195,namely,すなわち、つまり
3196,nap,うたた寝する、（特に日中の）うたた寝
3197,narrative,物語、話、（小説の）叙述部分、地の文
3198,narrow,(幅・心・範囲が)狭い、辛うじての
3199,narrowly,かろうじて
3200,nasty,不快な、いやな、意地悪な、卑劣な
3201,nation,国家、国民
3202,nationalism,国家主義
3203,nationality,国籍、国民、国民性
3204,native,母国の、その土地に生まれた、原産の、原住民
3205,natural,当然の、自然の、生まれながらの
3206,nature,性質、（物事の）本質、自然（界）
3207,naughty,いたずらな、わんぱくな、邪悪な
3208,nauseous,吐き気がする
3209,navigate,航行する、操縦する、誘導する、うまく切り抜ける
3210,navigation,航海
3211,navy,海軍
3212,nearby,近くの、近くで
3213,nearly,ほとんど、すんでのところで
3214,neat,きちんとした、手際のよい、すばらしい
3215,necessarily,[否定文で]必ずしも（…ない）、必ず
3216,necessary,必要な
3217,nectar,(花の)蜜
3218,needle,針、とがったもの
3219,negative,否定的な、消極的な、負の、否定、(写真の)ネガ
3220,negativity,否定的態度、消極性
3221,neglect,軽視、怠慢、軽視する、放っておく、怠る
3222,negotiate,交渉する、を交渉して取り決める
3223,neighbor,近所の人、隣人、隣国（の人）、仲間
3224,neighborhood,地域、近所
3225,neither,どちらも…ない、Ｓもまた…ない
3226,nephew,甥
3227,Neptune,海王星
3228,nerve,神経、神経過敏、～する度胸
3229,nervous,神経の、神経質な、臆病な、あがった、緊張した
3230,nervousness,神経質、いらいらすること、臆病
3231,nest,（鳥・昆虫などの）巣
3232,net,正味の、掛け値なしの
3233,network,網状のもの、放送網、ネットワーク
3234,neurochemical,神経化学の
3235,neuron,神経単位（ニューロン）
3236,neuronal,神経単位の、ニューロンの
3237,neuroscience,神経科学
3238,neutral,中立の、はっきりしない
3239,nevertheless,それにもかかわらず
3240,nightmare,悪夢、悪夢のような経験〔事態〕
3241,nitrogen,窒素
3242,noble,気高い、貴族の、貴族
3243,nobody,誰も…ない、無名の人
3244,nod,うなずく、会釈する、いねむりする
3245,nominate,指名する
3246,none,どれも（誰も）…ない
3247,nonetheless,それにもかかわらず、それでもなお
3248,nonsense,ばかげた物［話、考え］、無意味な言葉
3249,nor,Ｓもまた…ない
3250,norm,規範、標準
3251,normal,標準の、正常な、標準
3252,north,北（部）（の）
3253,nostril,鼻の穴、鼻孔
3254,nosy,詮索好きな、おせっかいな
3255,notable,注目に値する、著名な
3256,notably,とりわけ
3257,note,注意する、気づく、メモ、紙幣、注釈、音符、(声の)調子
3258,notice,気づく、通知する、言及する
3259,noticeable,著しい、目立つ
3260,notify,知らせる、通知する
3261,notion,概念、考え、意見、気まぐれな考え
3262,notorious,悪名高い
3263,notwithstanding,それにもかかわらず
3264,nourish,に栄養を与える、を育てる
3265,novel,小説、斬新な
3266,novelty,目新しさ
3267,nowadays,近ごろは
3268,nowhere,どこにも…ない、実在しない場所
3269,noxious,有害な、有毒な
3270,nuance,に微妙な違いを与える；微妙な違い
3271,nuclear,核の、原子力の、中心の、核兵器
3272,nuisance,迷惑な行為や人
3273,numb,麻痺させる、無感覚になった、麻痺した
3274,numerous,非常に数の多い
3275,nun,修道女、尼僧
3276,nursery,託児所、保育園、子供部屋、園芸店、養殖場
3277,nursing,保育、看護
3278,nurture,～を養育する、～を育てる、～を教育する
3279,nutrient,栄養になる、滋養に富む、栄養物、栄養素
3280,nutrition,栄養（物・摂取）
3281,nutritional,栄養（上）の
3282,nutritious,栄養になる
3283,oath,誓い、誓約
3284,obedient,従順な、素直な
3285,obese,肥満した
3286,obesity,（病的）肥満
3287,obey,(命令・指示など)に従う
3288,object,反対する、（…）と言って反対する（that節）
3289,objectionable,不快な、反対すべき
3290,objective,目的、目標、客観的な
3291,obligation,義務、恩義
3292,obligatory,しなければならない、義務である
3293,oblige,～に…させる、～に親切にする、～に恩恵を与える
3294,obscure,あいまいな、不明瞭な、無名の、人目に付かない
3295,observance,（法・規則の）順守
3296,observant,観察の鋭い
3297,observe,観察する、を守る、（祝祭日など）を祝う、～と言う
3298,observer,監視員、観察者
3299,obsess,取りつく、（必要以上に）気にする
3300,obsessed,とりつかれている
3301,obsession,（考えなどに）取りつかれること、妄想、強迫観念
3302,obsolete,廃れた、使われなくなった、古くなった
3303,obstacle,障害（物）
3304,obstinate,頑固な、しつこい
3305,obstruct,妨害する、ふさぐ、さえぎる
3306,obtain,入手する
3307,obvious,明らかな、見てすぐわかる、分かり切った
3308,obviously,明らかに、当然ながら
3309,occasion,場合、時、出来事、機会、行事、（～する）根拠
3310,occasionally,時々
3311,occupancy,占有
3312,occupation,職業、占領
3313,occupy,占める、～に（賃借で）住む
3314,occur,起こる、（考えなどが）（突然）浮かぶ
3315,ocean,（通例the）大洋
3316,odd,変わった、片方の、奇数の、端数の、少しの
3317,odds,(優劣などの)差、勝ち目、可能性
3318,odor,におい、気配
3319,offend,の気分を害する、罪を犯す
3320,offending,怒らせる
3321,offensive,不快な、無礼な、攻撃的な
3322,offer,提供する、申し出る、差し出す
3323,office,地位、職場、事務所、研究室
3324,official,公の、公式の、公務（上）の、お役所風の
3325,offset,相殺する、埋め合わせする、埋め合わせ
3326,offspring,（単複両扱い）(人などの)子(孫)
3327,old-fashioned,時代（流行）遅れの
3328,ominous,不吉な
3329,omit,除外する、省略する、うっかり忘れる
3330,ongoing,継続している、進行中の
3331,online,オンラインの（で）
3332,onset,発症
3333,on-the-job,実地の、職場での
3334,onto,の上へ
3335,operate,操作する、動く、作用する、手術する
3336,opinion,意見
3337,opponent,相手、敵、対抗者、反対者
3338,opportunity,機会
3339,oppose,～に反対する、～を（…に）対立させる
3340,oppress,抑圧［迫害］する、悩ませる
3341,oppression,圧迫、圧制、圧迫感
3342,oppressive,重苦しい、過酷な、圧倒的な、暑苦しい
3343,opt,(他よりも～の方を)選択する、決める
3344,optimism,楽観主義
3345,optimistic,楽観的な
3346,option,選択肢、選択（権の自由）
3347,optional,任意の、選択が自由の
3348,oral,口頭での、口（内）の
3349,orbit,軌道、（活動・勢力などの）範囲
3350,ordeal,苦労、試練
3351,order,命令、注文、順番、秩序、を命令する、を注文する
3352,ordinary,普通の、正規の、ありふれた、平凡な
3353,organ,（体の）器官、（政府などの）機関、組織、オルガン
3354,organic,有機栽培の
3355,organism,有機体、生物、組織体
3356,organization,組織（化）、団体
3357,organize,組織する、体系づける、準備する、整える
3358,organizer,主催者、まとめ役、幹事
3359,orient,〔受身形で〕～に向いている、～に慣らす
3360,oriented,志向の
3361,origin,起源、由来、発端、生まれ、血統
3362,originally,元来は、初めは
3363,originate,由来する、生じる、始まる
3364,ornament,（室内・庭園の）装飾品、置物、を飾る
3365,orphan,孤児
3366,otherwise,さもなければ、その他の点で、違ったふうに、別のやり方で
3367,ought,～すべきである
3368,outbreak,（悪いことの）突発、発生、暴動、反乱
3369,outburst,(火山・怒り・笑いなど)の爆発
3370,outcast,見捨てられた人、浮浪者
3371,outcome,結果、成果
3372,outdated,時代遅れの、古くて役に立たない、期限切れの
3373,outer,外側の、中心から離れている
3374,outfit,衣服、用具一式、装備を用意する
3375,outgoing,社交的な、積極的な、引退する
3376,outlet,直売店、特売店、はけ口、（電気の）コンセント
3377,outline,概略、輪郭、要点を言う、輪郭をつける
3378,outlive,他の人より長生きする
3379,outlook,態度、考え方、見通し、見込み
3380,outnumber,に数でまさる
3381,outpace,～より速いペースで進む
3382,output,生産高、（コンピューターなどの）出力
3383,outraged,憤慨している
3384,outrageous,法外な、途方もない、けしからぬ
3385,outrageously,ひどく、法外に
3386,outset,最初
3387,outsider,部外者、門外漢
3388,outsmart,出し抜く
3389,outsource,を外注する、を業務委託する
3390,outstanding,際立った、未払いの、未解決の
3391,outweigh,より重要である、に勝る、より重い
3392,overall,全体の、全面（全般）的な、全体として
3393,overcast,覆い隠す；悲しみで包まれた
3394,overcome,打ち勝つ、克服する、[受け身で]うちのめされる
3395,overconfident,自信過剰な
3396,overdo,を使い過ぎる、をやり過ぎる
3397,overdue,支払期限を過ぎた、(予定の日時より)遅れた
3398,overestimate,を過大評価する[見積もる]
3399,overfishing,（魚の）乱獲
3400,overflow,あふれる、あふれ出ること[人・物]
3401,overhaul,(システムなど)を総点検する、を分解修理する
3402,overhear,ふと耳にする
3403,overlap,重なり合う、共通するところがある、重ね合わす、重複
3404,overlay,を覆う、を上塗りする
3405,overload,に負荷をかけすぎる
3406,overlook,見落とす、大目に見る、見下ろす
3407,overly,あまりに、過度に
3408,overnight,一晩で、一晩中、急に、突然
3409,overpower,を圧倒する
3410,overrate,過大評価される
3411,overseas,海外へ［に、で]
3412,oversee,（労働者・仕事・活動など)を監督する、を監視する
3413,overshadow,影を投げかける、～の影を薄くする
3414,oversight,見落とし、監督、管理
3415,overspend,（お金を）使いすぎる
3416,overstate,大げさに話す、誇張する
3417,overtake,～に追いつく、（災難・強い感情などが）を襲う
3418,overthrow,倒す、崩壊させる、崩壊、打倒、転覆
3419,overweight,太りすぎの
3420,overwhelm,圧倒する、打ちのめす
3421,overwhelming,圧倒的な
3422,overwork,働きすぎる、～を働かせすぎる，酷使する、過労
3423,owe,に借金がある、に恩を受けている
3424,owing,のために
3425,owl,フクロウ
3426,own,所有している、（事実・罪など）を認める
3427,ownership,所有権、所有者であること
3428,oxygen,酸素
3429,oyster,カキ
3430,pace,歩調、進度
3431,Pacific,太平洋
3432,pack,詰める、包む、衣類を詰める、1箱
3433,package,を荷造り（包装）する；包み、容器
3434,packet,パッケージ、包装、袋、多額の金：パケット
3435,pact,条約、協定
3436,pageant,野外劇、ページェント
3437,pain,苦痛、痛み、苦悩、〔～s〕骨折り
3438,painful,つらい、痛い
3439,painkiller,鎮痛剤
3440,painless,痛みのない、努力のいらない
3441,palace,宮殿
3442,pale,顔色が悪い、（色の）淡い、薄い、迫力のない
3443,palm,手のひら、ヤシ
3444,pandemic,全国（全世界）流行の、感染爆発の
3445,panel,(公開討論会の)出演者、パネル、専門家集団、委員会
3446,panic,大混乱、恐慌、をうろたえさせる、うろたえる
3447,panorama,全景、パノラマ
3448,pant,あえぐ、あえぎながら動く[言う]、あえぎ、息切れ
3449,paperwork,(必要)書類、書類事務
3450,paradigm,理論的枠組み
3451,paradox,逆説、パラドックス、矛盾
3452,paradoxically,逆説的に（言えば）、逆説的だが
3453,paragraph,段落
3454,parallel,平行な、類似の、類似点、平行に
3455,paralysis,麻痺、〔比喩的に〕麻痺（状態）
3456,paralyze,～を麻痺させる
3457,paralyzed,麻痺している
3458,paranoid,被害妄想的な
3459,paraphrase,言い換える
3460,parasite,寄生生物
3461,Pardon,～を許す
3462,parental,親の
3463,parliament,（英国などの）議会、国会議員（団）
3464,parody,パロディー
3465,parrot,オウム
3466,part,部分、部品、役目、せりふ、分け前、分担、側、味方
3467,partial,部分的な、不公平な
3468,participant,参加者
3469,participate,参加する、関わる、加わる
3470,participation,参加
3471,particle,（微）粒子、ほんのわずか
3472,particular,特定の、格別の、著しい、好みがうるさい、個々の項目
3473,partition,仕切り
3474,partly,部分的に、一部には
3475,pass,通過する、渡す、経過する、通る、亡くなる（away）、通行許可
3476,passage,通行、通路、（文章や曲の）一節、経過、通過、廊下、旅行
3477,passenger,乗客
3478,passion,情熱、熱中、激情、愛情
3479,passionate,情熱的な
3480,passive,消極的な、受け身の、言いなりになる、おとなしい
3481,past,過去、過去の、ここ～（年月など）の、を過ぎて
3482,pastime,気晴らし、娯楽
3483,pasture,牧草地、放牧地
3484,patch,部分、斑点、継ぎ、貼り薬
3485,patent,特許（権）、特許品、特許の、特許に関する、明白な
3486,path,小道、歩道、方針、生き方、進路
3487,pathetic,哀れな
3488,pathway,小道、細道
3489,patient,患者、忍耐強い
3490,patriot,愛国者
3491,patriotic,愛国的な
3492,patriotism,愛国主義
3493,patron,後援者、パトロン
3494,patronizing,見下すような、横柄な、恩着せがましい
3495,pattern,様式、模様
3496,pause,（一時的に）中止する、（一瞬）立ち止まる
3497,pave,舗装する
3498,pavement,舗装、舗装道路
3499,pavilion,（博覧会などの）パビリオン
3500,pay,支払う、（注意など）を払う、報いる、割に合う、給料
3501,paycheck,給与
3502,peaceful,平和（的）な
3503,peak,峰、頂上、最高潮
3504,pearl,真珠、貴重なもの[人]
3505,peasant,（昔または発展途上国の）小作農
3506,peculiar,特有の（to）、奇妙な
3507,pedestrian,歩行者、歩行者用の
3508,pedometer,歩数計、万歩計
3509,peer,同僚、同等の人、凝視する
3510,penalty,（刑）罰、罰金、ペナルティ
3511,pending,未解決の
3512,penetrate,貫く、しみ込む、広がる、見抜く、理解する、入り込む
3513,peninsula,半島
3514,pension,年金、恩給
3515,per,～あたり、～につき
3516,per capita,一人当たりの
3517,perceive,知覚する、気づく、理解する
3518,perception,認識、知覚
3519,perch,止まり木、止まる
3520,perfect,完全な、まったくの、を完成する
3521,perform,行う、上演する、演奏する
3522,performance,"実行, 業績, 演技, 演奏"
3523,perfume,香水、（快い）香り
3524,perhaps,ひょっとすると、だいたい
3525,peril,危険
3526,perilous,とても危険な
3527,perimeter,周囲
3528,period,期間、時期、時代、授業の時限、月経（期間）
3529,periodically,定期的に，周期的に，時折
3530,perish,死ぬ、滅びる、消滅する
3531,perishable,（食べ物などが）腐りやすい
3532,permanent,（半）永久的な、永続する、耐久の、常置の、終身の
3533,permanently,永遠に、いつも
3534,permeate,にしみ込む、浸透する、に行き渡る
3535,permission,許可、承認
3536,permit,許可する
3537,perpetual,永続的な、ひっきりなしの
3538,perpetuate,永続させる、不朽にする
3539,perplex,当惑させる、複雑にする、紛糾させる
3540,persecute,迫害〔虐待〕する、非常に困らせる
3541,persecution,迫害
3542,persevere,やり抜く、辛抱する
3543,persist,固執する、主張し続ける、～し続ける、存続する
3544,persistent,執拗な、固執する、持続する
3545,personal,個人的な
3546,personality,個性、性格、人格、独特の雰囲気、有名人
3547,personally,個人的に、個人的見解では、自分（自身）で
3548,personnel,社員、隊員、人事部
3549,perspective,観点、遠近法（感）、見通し
3550,perspire,汗をかく
3551,persuade,説得する、説得して～させる
3552,persuasive,説得力のある
3553,pertinent,（直接）関連のある、適切な
3554,pervade,に普及する
3555,pervasive,隅々に広がった、浸透する、充満する
3556,pessimistic,悲観的な
3557,pesticide,殺虫剤、除草剤
3558,petition,請願(書)、嘆願(書)
3559,petroleum,石油
3560,petty,ささいな
3561,pharmacist,薬剤師
3562,pharmacy,薬局
3563,phase,段階、時期、側面、局面
3564,phenomenon,現象、驚くべき事（物、才能、人）
3565,philosopher,哲学者
3566,philosophy,哲学、原理、人生観、考え方
3567,phobia,恐怖症
3568,phonetic,音声上の
3569,phosphorus,リン
3570,photo,写真
3571,phrase,句、成句、言葉遣い
3572,physical,身体の、物質的な、物理学の
3573,physician,医師、内科医
3574,physics,物理学
3575,physiological,生理学(上)の
3576,pick,（花、果実などを）摘む、選ぶ
3577,piece,（a～of…）１つの…、部品、楽曲
3578,pierce,貫く、刺す、身にしみる、感動させる
3579,pigment,色素、顔料
3580,pile,積み重ね、山、たくさん、積み重ねる、殺到する
3581,pilgrim,巡礼者
3582,pill,錠剤、丸薬、〔the～〕ピル、経口避妊薬
3583,pillar,柱、要所、中心的存在
3584,pin,ピンで留める、突き刺す
3585,pinch,つねる
3586,pine,マツ
3587,pinpoint,非常に正確な
3588,pioneer,先駆者、開拓者、～を開拓する、～の先駆けとなる
3589,pious,信心深い、宗教的な
3590,piracy,著作権〔特許権〕侵害、海賊行為、違法コピー
3591,pit,穴、くぼみ
3592,pitch,投げる、倒れる、縦揺れする
3593,pitfall,（通例 ―s）落とし穴，隠れた危険
3594,pity,哀れみ、残念なこと、を気の毒に思う
3595,pivotal,極めて重要な
3596,placebo,偽薬、プラシーボ、気休め
3597,placement,(就職先・学校・里親などの)斡旋、配置
3598,plague,疫病、（害虫などの）異常発生
3599,plain,はっきりした、わかりやすい、質素な、簡素な、平野
3600,plainly,明白に、明らかに、率直に、質素に
3601,planet,惑星、（our～）地球
3602,plant,植物、工場、を植える
3603,plantation,農園
3604,plaster,石こう
3605,plastic,プラスチック(の)、ビニール（の）
3606,plate,皿、（1人分の）料理、板、（地球表面の）プレート
3607,platform,プラットフォーム、演壇、舞台
3608,plausible,もっともらしい、妥当な
3609,playground,遊び場、運動場、行楽地、活動領域
3610,plea,懇願、嘆願
3611,plead,懇願する、嘆願する、と懇願する、（事件を）争う
3612,pleasant,楽しい、心地よい
3613,pleasure,楽しみ
3614,pledge,誓う、約束する、与えることを約束する、約束、誓約
3615,plentiful,豊富な、十分な
3616,plenty,たくさん、たくさんの～（of）
3617,plight,窮状、（悪い）状態
3618,plot,(物語などの)筋、たくらみ、（土地の）小区画
3619,plow,（耕作用の）すき
3620,pluck,摘む、引き抜く、むしりとる
3621,plug,プラグを電源に差し込む、ふさぐ
3622,plumbing,（建物の）配管設備
3623,plunder,略奪する、強奪する
3624,plunge,突進する、急に下り坂になる、突入、急な下落
3625,plural,複数の、2つ[2人]以上の、複数形の
3626,Pluto,冥王星
3627,poach,密漁する
3628,poacher,密漁[密猟]者
3629,poem,(１遍の)詩
3630,poet,詩人
3631,poetry,詩
3632,point,要点、（位置、時間上の）点、瞬間、目的
3633,poison,毒（物）
3634,poke,突く、突っ込む、突き出す、せっかいをやく、つつくこと
3635,polar,極地の、電極の
3636,pole,棒、（地球・天体の）極
3637,police,警察
3638,policy,政策、方針、（個人の）主義
3639,polish,（物・技量）を磨く
3640,polite,礼儀正しい、丁寧な、上品な、上流の
3641,political,政治の、政治的な、政治に関する
3642,politics,政治、政治学
3643,poll,世論調査、（the）投票、投票する
3644,pollen,花粉
3645,pollutant,汚染物質、汚染源
3646,pollute,汚染する
3647,polluted,汚染された
3648,pollution,汚染、公害
3649,pond,池
3650,ponder,熟考する、考えをめぐらせる
3651,poor,貧しい、粗末な、かわいそうな
3652,pop,飛び出る、ポンと置く（外す）、ポピュラーな
3653,popularity,人気、流行
3654,populate,に住む、の住民である、に人を住まわせる
3655,population,人口、（the）全住民、全個体数
3656,port,港（町）
3657,portable,持ち運びできる、携帯用
3658,portion,部分、1人前、割り当て
3659,portray,(人物・風景など)を描く、（言葉で）を描写する
3660,pose,（問題など）を提起する、ポーズをとる
3661,position,位置、場所、立場、形勢、地位、姿勢、勤め口、職
3662,positive,肯定的な、積極的な、確信して、陽性の
3663,possess,持っている、とりつく
3664,possession,所有物、財産、所有
3665,possible,あり得る、（事が）可能な
3666,possibly,ひょっとすると、[否定文で]どうしても～できない
3667,post,投函する、郵便（制度）、地位、柱
3668,posterior,(～より)後の(to～)
3669,postpone,延期する
3670,posture,姿勢、態度
3671,postwar,戦後の
3672,potent,有力な、影響〔説得〕力のある
3673,potential,可能な、潜在的な、能性がある、可能性、潜在能力
3674,pottery,陶器類、焼き物類
3675,pound,ポンド（重量の単位、イギリスの通貨単位）
3676,pour,注ぐ、どしゃ降りに降る、流れ出る
3677,poverty,貧困、不足、不毛
3678,power,力、能力、権力、強国、エネルギー
3679,powerful,強力な、影響力のある
3680,practical,"実用的な, 現実的な"
3681,practically,ほとんど、実際的に、事実上
3682,practice,実行、練習、慣例、（医師や弁護士などの）業務
3683,pragmatic,現実的な、実用的な、実用主義の
3684,prairie,大草原
3685,praise,賞賛する
3686,pray,祈る
3687,preach,説教する
3688,preacher,説教者、牧師
3689,precaution,用心
3690,precede,先行する、優先する、前に置く
3691,precedent,前例
3692,preceding,前の、先行する、前述の
3693,precious,貴重な、高価な
3694,precipitation,降水（量），〈化学〉沈殿
3695,precise,正確な、精密な、まさにその
3696,precisely,正確に、まさに、ちょうど
3697,precision,正確さ
3698,preclude,排除する、妨げる
3699,preconceived,あらかじめ考えた
3700,predate,以前からある
3701,predator,捕食動物、略奪者
3702,predecessor,前任者、前のもの
3703,predict,予言する、予測する
3704,predominantly,主に
3705,preemptive,先制の
3706,prefecture,（日本の）県、府、（フランスなどの）県
3707,prefer,～を好む、～が好きだ
3708,preference,他より好むこと、好み
3709,pregnancy,妊娠
3710,pregnant,妊娠している、意味深長な、含蓄のある
3711,prehistoric,有史以前の、旧式な
3712,prejudice,偏見
3713,preliminary,予備の、準備の
3714,premature,早過ぎる、(判断などが)早まった
3715,premise,前提、〔～s〕（建物を含めた）構内、敷地
3716,premium,保険料、プレミア、景品
3717,preoccupation,最大の関心事、没頭、夢中（にさせるもの）、先入観
3718,preoccupied,夢中になった、心を奪われている
3719,preoccupy,～の心を奪う、～を夢中にさせる
3720,preparation,準備
3721,prepare,用意する、心構えをさせる、訓練する、覚悟する
3722,prepayment,前払い
3723,prerequisite,必須条件、必要条件
3724,prescribe,処方する、指示する、規定する
3725,prescription,処方(箋)、命令、規定
3726,presence,存在、出席、面前
3727,present,現在の、出席して、贈り物、発表する、贈る
3728,preservative,保存料
3729,preserve,保存する、保つ、保護する
3730,president,社長、会長、学長、大統領
3731,presidential,大統領の[による]、社長の
3732,press,押す、押し付ける（こと）、新聞、報道陣
3733,pressure,圧力、重圧
3734,prestige,名声、〔形容詞的に〕名声のある
3735,prestigious,名声のある
3736,presumably,おそらく、思うには
3737,presume,と思う、と推定する、を前提とする
3738,pretend,～のふりをする、（～ということ）を装う
3739,pretense,ふり、見せかけ
3740,pretext,口実
3741,pretty,かなり、かわいらしい
3742,prevail,普及する、（提案、原理などが）打ち勝つ
3743,prevalent,蔓延している、広く行き渡っている
3744,prevent,防ぐ、(～が…するの）を妨げる
3745,prevention,予防、防止、妨害
3746,previous,以前の、前回の
3747,previously,以前に
3748,prewar,戦前の、戦前には
3749,prey,(動物の)獲物、餌食、捕食する（on）
3750,price,（品物の）値段、（複数）物価、代償
3751,pride,誇り、自尊心、自慢する
3752,priest,聖職者、僧侶
3753,primarily,主として、初めに
3754,primary,最も重要な、第一の、初等（教育）の
3755,primate,霊長類の動物
3756,prime,主要な、最も重要な、最適な、極上の
3757,primitive,原始的な、原始（時代）の
3758,principal,主要な、校長、主役
3759,principle,主義、方針、（自然の）原理、原則
3760,print,印刷する、出版する、印刷（物）
3761,prior,前の、優先的な
3762,priority,優先（事項）
3763,prison,刑務所、拘留所
3764,prisoner,囚人
3765,private,個人の、内密の、民間の
3766,privatize,民営化する
3767,privilege,特権、特典、名誉、～に特権を与える
3768,prize,賞（品）、貴重なもの
3769,probability,見込み
3770,probable,十分にありそうな
3771,probably,おそらく
3772,probation,執行猶予、保護観察
3773,probe,宇宙探査機、精査、探り針
3774,problematic,問題のある、疑わしい
3775,procedure,手続き、（一連の）措置
3776,proceed,進む、取りかかる、次に～する
3777,process,過程、工程、方法、手順、経過、進展
3778,procession,(儀式などの)行列、行進
3779,proclaim,～を宣言する、～を（…だとはっきり）示す
3780,produce,製造する、生産する、提出する
3781,productivity,生産性
3782,profess,公言する
3783,profession,職業、専門職、同業者仲間
3784,professional,専門的な、プロの
3785,professor,教授
3786,proficiency,熟達、技量
3787,proficient,熟達した、堪能な
3788,profile,の概略を示す、輪郭、横顔、プロフィール
3789,profit,利益、利益を得る（になる）
3790,profitable,利益になる、有益な
3791,profound,深い、重大な
3792,program,に組み込む、方向づける、をプログラムする；計画、番組(表)
3793,progress,前進する、進歩する、進歩、前進
3794,prohibit,禁止する、妨げる
3795,project,企画、事業、学習課題、計画する、映し出す、見積もる
3796,projection,予測
3797,proliferate,急増する、繁殖する
3798,prologue,プロローグ、序文
3799,prolong,（時間・期間など）を延長する
3800,prominence,目立つこと、卓越
3801,prominent,卓越した、目立った、（物理的に）突き出した
3802,promise,約束する、約束、見込み
3803,promising,前途有望な
3804,promote,促進する、奨励する、昇進させる
3805,promotion,昇進、促進、販売促進
3806,prompt,刺激する、即座の、機敏な
3807,prone,～しがちである、～をこうむりがちである
3808,pronoun,代名詞
3809,pronounce,発音する、断言する、宣言する
3810,pronunciation,発音
3811,proof,証拠
3812,propel,を進ませる、(人)を駆り立てる
3813,proper,適切な、正式の、主要な、固有の
3814,property,財産、所有物、特性
3815,prophecy,予言（すること）、予知能力
3816,prophet,預言者
3817,proponent,支持者
3818,proportion,割合、比例、つりあい、部分
3819,proportional,釣り合った、比例した
3820,propose,提案する、もくろむ、結婚を申し込む
3821,propriety,正当性、適当、礼儀
3822,prose,散文(体)
3823,prosecute,起訴する
3824,prospect,候補者、見込み、将来性、可能性
3825,prosper,栄える、成功する、繁殖する
3826,prosperity,繁栄
3827,prostate,前立腺
3828,protect,保護する、守る
3829,protective,保護する、守ろうとする
3830,protein,タンパク質
3831,protest,抗議、主張、に抗議する、を主張する、抗議する
3832,Protestant,プロテスタントの； 新教徒
3833,protocol,（条約）議定書、外交儀礼、プロトコル
3834,prototype,原型、試作品、典型
3835,proudly,誇らしげに、得意げに
3836,prove,証明する、 ～であると分かる
3837,proverb,ことわざ
3838,provide,"提供する、養う（for）、備える（for, against）"
3839,province,州、省、県、地方、分野
3840,provoke,怒らせる、(感情などを）起こさせる、駆り立てる
3841,proximity,近いこと
3842,prudent,分別のある、用心深い
3843,psychiatric,精神医学の
3844,psychiatrist,精神科医
3845,psychiatry,精神科，精神医学
3846,psychic,精神的な、神霊の、超自然的な
3847,psychologist,心理学者
3848,psychology,心理学、心理（状態）、心理作戦
3849,pub,居酒屋
3850,public,公の、公衆の、公開の
3851,publication,出版(物)、発行
3852,publicity,宣伝、広告
3853,publicize,公表する、宣伝する
3854,publish,発表する、出版する
3855,pull,引く、車を寄せる
3856,pulse,脈拍、鼓動
3857,pump,排出する、（ポンプで）くみ上げる、ポンプ
3858,punctual,時間を厳守する、時間に正確な（for）
3859,punctuality,時間厳守
3860,puncture,(タイヤ)をパンクさせる、に穴をあける
3861,punish,罰する、に損傷を与える
3862,punitive,刑罰の、罰する
3863,pupil,瞳、生徒、弟子
3864,purchase,（大きな物・高額な物）を買う、購入（品）
3865,pure,純粋な、潔白な、まったくの
3866,purpose,目的（of）
3867,purse,財布、ハンドバッグ
3868,pursue,追跡する、追求する、従事する
3869,pursuit,仕事、追跡、追求
3870,puzzle,困らせる、わからないこと、パズル
3871,quaint,古風で趣のある
3872,quake,震える、おののく、振動する、地震、震え
3873,qualified,有能な、資格のある、適任の
3874,qualify,（人）に資格を与える、資格がある
3875,quality,質、特質
3876,quantity,量、分量
3877,quantum,量子、量
3878,quarrel,口論、口喧嘩、口論する
3879,quarter,1/4、15分、25セント、四半期、場所
3880,quartz,水晶、石英、クォーツ
3881,quest,探索、探究(物)、捜し求める
3882,questionable,疑わしい
3883,questionnaire,アンケート（用紙）
3884,queue,列、行列、待ち行列、列を作る
3885,quick,素早い
3886,quit,（仕事など）をやめる
3887,quite,かなり、まったく
3888,quiver,おののく、(細かく)震える、を震わせる
3889,quota,割当量[数]、ノルマ
3890,quote,引用する、引き合いに出す
3891,r?sum?,履歴書[≒CV]、要約
3892,race,人種、民族、人類、競争、急ぐこと、大急ぎでやる
3893,racial,人種の、民族の
3894,racism,人種差別(主義[政策])
3895,racist,人種差別主義者
3896,radiation,放射（線）
3897,radical,根本的な、急進的な、過激な
3898,radically,根本的に、過激に
3899,radius,半径
3900,rag,ぼろ
3901,rage,激怒、猛威、熱狂、激怒する、猛威を振るう
3902,raid,急襲
3903,railroad,鉄壁道(線路)
3904,railway,鉄壁道
3905,rainfall,降雨（量）
3906,rainforest,（熱帯）雨林
3907,raise,育てる、上げる、提起する、集める
3908,rally,元気づける、復興する、（人）を集める、集会
3909,ram,雄羊
3910,rampage,凶暴な行動
3911,ranch,牧場
3912,random,無作為の、手当たり次第の
3913,randomly,無作為に、手当たり次第に、無計画に
3914,range,範囲、（範囲が）及ぶ、を並べる
3915,ranger,森林警備員
3916,rank,位置づける、位置する、階級、地位、列
3917,ransom,身代金、(身代金などによる)解放
3918,rapid,急速な、速い
3919,rapidity,素早さ、急速、敏速、速度
3920,rapidly,急激に、早く
3921,rare,まれな、珍しい、すばらしい
3922,rarely,めったに…(し)ない
3923,rash,早まった、軽率な
3924,rat,ネズミ
3925,rate,評価する、割合、速度、料金
3926,rather,かなり、むしろ、それどころか
3927,rating,評価、格付け
3928,ratio,割合、（２つの数量間の）比率
3929,ration,(食料・物資などの)割当(量)
3930,rational,理性的な、合理的な
3931,rattle,がたがた鳴らす
3932,raw,(食物が)生の、加工されていない
3933,ray,光線、ひらめき、一筋の光明
3934,reach,に着く、に達する、を取る、手を伸ばす、届く範囲
3935,react,反応する、反作用する
3936,readily,すぐに、容易に、快く
3937,ready,準備ができて、喜んで～する、即座の、巧みな
3938,real,"本当の, 本物の, 現実の"
3939,realistic,現実的な、実際的な
3940,realize,悟る、実現する
3941,realm,領域、分野、王国
3942,reap,刈り取る、収穫する、得る
3943,rear,育てる、後部、後部の
3944,reason,理由、根拠、理性、分別
3945,reasonable,合理的な、分別のある、（値段が）手ごろな
3946,reasoning,推論、理論、論拠
3947,reassure,安心させる
3948,rebel,反逆者、反抗者、謀反人、反乱を起こす、反抗する
3949,rebellion,反乱
3950,rebellious,反抗的な、反逆した、謀反を起こした
3951,rebound,(ボールなどが)跳ね返る
3952,recall,思い出す、呼び出す、思い出すこと
3953,recede,去っていく、薄れる、弱まる
3954,receive,受け取る、破る
3955,recent,最近の、ごく新しい
3956,recently,最近，近ごろ
3957,reception,反応、宴会、受付、受信（状態）
3958,receptive,受け入れる 包容力のある
3959,recess,休憩
3960,recession,(一時的な)不況
3961,recipe,調理法、レシピ、手順、秘訣
3962,recipient,受け取る人、（臓器などの）被提供者
3963,recital,リサイタル、独奏[独唱]会
3964,recite,（聴衆の前で）朗読する、暗唱する、詳細に話す
3965,reckless,無謀な、（～を）顧みない（of）
3966,reckon,思う、推測する、ざっと数える、計算する
3967,recognition,認識、承認
3968,recognize,認める、覚えがある、誰だかわかる、表彰する
3969,recollect,～を思い出す
3970,recollection,記憶
3971,recommend,推薦する、～に（…することを）、勧める
3972,reconcile,和解する、を和解させる、を調停する、を調和させる
3973,reconstruct,を再建する、を改変する
3974,record,記録する、記録（書類）、履歴、成績
3975,recover,（失っていたもの）を取り戻す、～を回復する
3976,recovery,回復、取り戻すこと
3977,recreation,レクリエーション、気晴らし
3978,recruit,募る、に新人を補充する
3979,recruitment,新規採用
3980,rectangle,長方形
3981,rectangular,長方形の
3982,recurrent,(周期的に)繰り返される、(病気などが)再発する
3983,redeem,(失敗・欠点など)を補う、を埋め合わせる
3984,reduce,減少させる、弱める、変える
3985,reduction,減少
3986,redundant,不要な、余分な、(表現などが)冗長な
3987,reef,（岩や砂の）礁、暗礁
3988,refer,言及する、参照する、関連がある
3989,referee,レフェリー、審判員
3990,reference,言及、参照
3991,referral,紹介
3992,refine,精製する、磨く、洗練する
3993,refined,洗練された、優雅な
3994,reflect,反映する、反射する、よく考える
3995,reflex,反射（運動）
3996,reforestation,植林、森林再生
3997,reform,改善[改革]する、改革(運動）
3998,refrain,差し控える、やめる
3999,reframe,を組み立て直す
4000,refresh,（気分）をさわやかにする、新たにする
4001,refreshing,さわやかな
4002,refrigerator,冷蔵庫
4003,refuge,避難、保護、避難所、隠れ家
4004,refugee,難民
4005,refund,返金、払い戻し(金)
4006,refusal,拒否、拒絶
4007,refuse,拒絶する、（きっぱりと）断る
4008,refute,[他] ～を論駁する，～に反論する
4009,regain,回復する、取り戻す、戻る、帰り着く
4010,regard,～を…とみなす、尊重する、敬意、注意
4011,regarding,に関して
4012,regardless,かまわない、無頓着な
4013,regime,政権、（社会）制度、体制
4014,region,地域、地方、分野、領域、（身体の）部分
4015,register,記録、登録する、書留にする、表す、登録
4016,regret,後悔（する）、残念（に思う）
4017,regular,定期的な、規則的な、一定の、いつもの
4018,regulate,規制する、調整する
4019,regulation,規則、規制
4020,regulator,規制者、調節装置
4021,rehearsal,(劇・音楽などの)リハーサル、下げいこ
4022,reign,治世、統治機関、君臨する
4023,reindeer,トナカイ
4024,reinforce,強化する、補強する
4025,reintroduce,～をかつての分布域に再導入する、～を復活させる
4026,reject,拒絶する
4027,rejoice,喜ぶ
4028,relapse,逆戻りする、再発する
4029,relate,関連づける、話す、関係がある
4030,related,関連した、関係のある
4031,relationship,関係、親密な関係
4032,relative,相対的な、比較上の、関連した、相互の
4033,relatively,比較的
4034,relax,くつろぐ、緩む、くつろがせる、緩める
4035,relay,継電器、交代要員、リレー競走、中継、伝達する
4036,release,放つ、解放する、発売する、放出、発表
4037,relentless,執拗な、情け容赦のない
4038,relevant,関連がある、適切な
4039,reliable,信頼できる
4040,relic,遺跡、遺品
4041,relieve,和らげる、安心する、を解放する
4042,religion,宗教、信条、信仰（心）
4043,religious,宗教(上)の、信仰があつい
4044,relocate,(住居・事務所・住民など)を移転[移動]させる
4045,reluctant,気が進まない、嫌がる
4046,rely,頼る
4047,remain,依然～のままである、とどまる、残り、遺跡
4048,remainder,残り
4049,remains,遺跡、遺構
4050,remark,述べる
4051,remarkable,すばらしい
4052,remedy,治療法、治療、治療薬
4053,remember,覚えている
4054,remind,思い出させる、気づかせる
4055,reminder,思い出させるもの、記念物[品]
4056,reminiscent,思い出させる
4057,remnant,残されたもの、遺物
4058,remodel,を改装する、を改造する
4059,remorseful,後悔に満ちた
4060,remote,遠い、へんぴな、遠く隔たった、かすかな
4061,removal,除去、移動
4062,remove,取り除く、移動させる、脱ぐ、解任する、解雇する
4063,renaissance,復興、復活、（the R～）ルネッサンス、文芸復興
4064,render,～を…にする、～に…を与える
4065,renew,更新する、再生する
4066,renounce,放棄する
4067,renovate,を改修[改築]する
4068,renowned,著名な、名声ある
4069,rent,賃貸料、使用料、家賃、賃借りする、賃貸しする
4070,repair,修理する、（健康など）を回復する、償う
4071,repay,を返済する
4072,repeal,廃止する
4073,repeat,繰り返す、復唱する、口外する
4074,repel,追い払う、退ける
4075,repetitive,繰り返しの
4076,replace,取って代わる、取り替える、元の場所に戻す
4077,replacement,交換、交替、代わりの人[もの]
4078,replenish,補充する
4079,replicate,(同一実験など)を繰り返す、を複製する
4080,reply,答える（to）、答え
4081,reportedly,伝えられるところによると、報道によれば
4082,represent,表す［意味する］、代表する、描写する
4083,representation,表現（描写）、代表
4084,representative,代表者、代理人
4085,reprint,を増刷（再版）する；増刷、再版
4086,reproduce,再生する、繁殖させる、繁殖する
4087,reproduction,生殖、繁殖
4088,reptile,爬虫類(動物)
4089,republic,共和国、団体、社会
4090,reputable,評判の良い
4091,reputation,名声、評判
4092,request,頼む、要請する
4093,require,必要とする、要求する
4094,requirement,必要条件、要求（物）
4095,reschedule,の日時を変更する
4096,rescue,救助、救済、（危険・束縛などから）を救う
4097,research,研究、調査
4098,researcher,研究者
4099,resemble,に似ている
4100,resent,憤慨する、ひどく嫌う
4101,resentful,憤慨した
4102,resentment,憤慨、恨み
4103,reservation,予約、慎重な姿勢
4104,reserve,蓄え、慎み、保護区、取っておく、予約する
4105,reside,住む
4106,residence,住居、居住
4107,resident,住民、滞在者
4108,residential,住宅の
4109,resign,辞職する、断念する、放棄する、甘んじて従う
4110,resignation,辞職
4111,resilient,弾力性のある； 回復力のある、立ち直りの早い
4112,resin,樹脂
4113,resist,に抵抗する、〔通例否定文で〕を我慢する
4114,resistance,抵抗（力）
4115,resistant,耐性のある、抵抗する
4116,resolute,断固とした、固く決心した
4117,resolve,決心する、解決する、分析する、決定する、分解する
4118,resort,（手段に）訴える、（楽しい所へ）行く
4119,resource,資源、財源、貯蔵、手段、臨機応変の才
4120,respect,点、尊敬、重視、関心、関連、尊重する
4121,respectable,ちゃんとした
4122,respective,それぞれの
4123,respiratory,呼吸器に関する、呼吸の
4124,respond,反応する、答える（to）
4125,respondent,(調査・アンケートなどの)回答者
4126,responsibility,責任
4127,responsible,責任がある、信頼できる、原因である
4128,responsibly,責任をもって
4129,responsiveness,反応がいいこと、反応性、敏感なこと
4130,rest,残り、休み、休む
4131,restate,を再び述べる、言い渡す
4132,restless,落ち着きのない、不安な、絶え間ない
4133,restore,復活させる、もとの状態に戻す、回復する
4134,restrain,抑える、やめさせる
4135,restrict,制限する
4136,result,終わる（in）、結果として起こる、結果、成績
4137,resume,再び始める、取り戻す、履歴書、要約
4138,resurgence,復活，再起
4139,retail,小売り
4140,retailer,小売業者、小売販売店
4141,retain,保持する、維持する
4142,retire,引退する、退職する、退く
4143,retrace,引き返す
4144,retreat,後退、撤退、後退する、逃げる
4145,retributive,報いの、応報の
4146,retrieve,取り戻す、回収する、回復する、救う
4147,retrospect,追憶、思い出
4148,return,戻す、戻る、戻り、返却、利益
4149,returnee,帰国子女
4150,reunion,再会（の集い）、再結合
4151,reveal,明らかにする、見せる、示す
4152,revenge,復讐をする、あだを討つ、復讐
4153,revenue,歳入、収益
4154,reverse,逆にする、一変させる、（the）逆の、逆の
4155,review,批評する、見直す、復習する、批評、再検討、復習
4156,revise,変更する、改訂する、復習する
4157,revitalize,新しい活力を与える
4158,revive,蘇生させる、復活させる、生き返る
4159,revoke,取り消す
4160,revolt,反逆する、むかつく
4161,revolution,革命、回転、（天体の）公転
4162,revolve,回転する
4163,reward,報酬、見返り、褒美、報いる
4164,rewarding,満足感が得られる、報われる
4165,rhetoric,修辞法、美辞麗句、説明
4166,rhinoceros,サイ
4167,rhyme,押韻詩、韻、詩歌
4168,rhythm,リズム
4169,rib,あばら骨
4170,rich,裕福な、豊富な（in）
4171,richness,豊富さ、肥沃であること、裕福であること
4172,rid,取り除く
4173,riddle,謎、不可解なもの［人］
4174,ridicule,あざ笑う
4175,ridiculous,ばかげた、法外な
4176,right,ふさわしい、正当な、正しい、右の
4177,righteous,正しい
4178,rightly,正当に、当然のことながら
4179,rigid,堅い、動かない、柔軟性のない、厳格な
4180,rigorous,厳しい
4181,ring,輪、指輪、音を鳴らす、電話をかける
4182,riot,暴動、騒動、暴動を起こす、浮かれ騒ぐ
4183,rip,引き裂く、裂ける
4184,ripe,熟した、期が熟した、円熟した
4185,ripen,成熟する
4186,rise,上昇、増加、上がる、起きる、出世する
4187,risk,危険(性)、危険にさらす、あえて～する
4188,risky,危険な
4189,rite,儀式
4190,ritual,儀式、日常の習慣的行為
4191,rival,競争相手、ライバル、匹敵する、互角に戦う
4192,rivalry,ライバル意識、競争
4193,road,道路
4194,roam,歩き回る、放浪
4195,roar,うなる、ほえる、どなる、大声で叫ぶ
4196,rob,～から…を奪う
4197,robbery,強盗(事件)
4198,robust,強力な、健全な、頑丈な
4199,role,役割、任務、（役者の）役
4200,roll,転がる、を転がす、を丸める
4201,romantic,空想的な、恋愛の、ロマン派の
4202,roof,屋根
4203,room,空間、場所、可能性、余地、余裕、部屋
4204,root,定着している、根付かせる、根拠、源
4205,rope,なわ、秘訣
4206,roster,名簿
4207,rot,腐る、堕落する、腐らせる、堕落させる、腐敗、悪化
4208,rotate,回転する、循環する、を回転させる
4209,rotten,腐った、不快な、堕落した
4210,rough,ざらざらした、大ざっぱな、おおまかな乱暴な
4211,roughly,おおよそ、乱暴に
4212,roundabout,遠回しの、婉曲な、回り道の
4213,route,道（筋）、路線、ルート、手段
4214,routine,決まり切った仕事、日課、いつもの手順
4215,routinely,いつものように、日常的に
4216,row,（横の）列、（船を）こぐ
4217,royal,王室の、王の、王立の、風格のある
4218,rub,こする、塗る
4219,rubber,(天然・合成の)ゴム
4220,rubbish,ごみ、つまらないもの
4221,rude,無礼な、粗野な
4222,ruin,破滅させる、台無しにする、破滅、廃墟、遺跡
4223,rule,規則、支配、支配する
4224,rumor,噂、風評
4225,run,走る、流れる、立候補する、運営する
4226,runway,滑走路
4227,rural,田舎の、田園の
4228,rush,急いで行く、せきたてる、忙しさ
4229,Russian,ロシア人〔語〕、ロシア（人、語）の
4230,rust,さび
4231,rusty,さびた
4232,ruthless,無慈悲な、断固とした、無茶な
4233,sacred,神聖な、宗教的な、厳粛な
4234,sacrifice,犠牲(的行為)、を犠牲にする
4235,sadness,悲しみ
4236,safari,サファリ
4237,sail,航行する、帆、航海
4238,saint,聖人、聖人のような人
4239,sake,〔for the sake ofで〕～のために、～に免じて
4240,salary,（月々の）給料
4241,sale,販売、（複数形で）売上高、特売
4242,salmon,サケ
4243,salute,敬礼する
4244,salvation,救済
4245,sample,サンプル、見本
4246,sanction,認める、許可する、認可、承認
4247,sanctuary,自然保護区
4248,sane,正気の、まともな、理にかなった
4249,sanitation,公衆衛生（学）、下水［衛生］設備
4250,satellite,衛星、人工衛星、衛星国家
4251,satisfaction,満足
4252,satisfy,満足させる、果たす、合致する、こたえる
4253,saturate,すっかりぬらす・満たす
4254,Saturn,土星
4255,savage,凶暴な、手厳しい、残酷(残忍)な人、不作法者
4256,save,救う、たくわえる、省く、節約する、保護する
4257,saving,節約、倹約、預金(額)、蓄え
4258,say,例えば
4259,scale,規模、段階、等級、縮尺、登る、はかる
4260,scam,詐欺、ぺてん
4261,scan,細かく調べる、ざっと見る、検査をする、綿密な検査
4262,scandal,スキャンダル、不正行為
4263,scant,乏しい、足りない
4264,scanty,不十分な
4265,scarce,乏しい、不十分な、少ない、不足した
4266,scarcely,ほとんど～ない
4267,scarcity,不足、欠乏
4268,scare,おびえさせる、脅す
4269,scatter,まき散らす分散する散布
4270,scenario,（予想される）筋書き、事態、脚本
4271,scene,場面、現場、眺め、光景、大騒ぎ
4272,scenery,景色、背景
4273,scenic,景色の良い
4274,scent,（快い）香り、手掛かり
4275,schedule,スケジュール、を予定する
4276,scheme,計画、悪だくみ、たくらむ
4277,scholar,"学者, 奨学生"
4278,scholarship,奨学金、学識
4279,scientific,科学的な、（自然）科学の
4280,scold,しかる
4281,scope,(活動などの)範囲、領域、機会
4282,score,（試合・試験の）得点、楽譜、得点する
4283,scorn,軽蔑、を軽蔑する、(軽蔑して)拒絶する
4284,scramble,[自] 急いで動く
4285,scrap,中止する、スクラップにする、切れ端
4286,scrape,(泥・ペンキ・さびなど)をこすり取る、の表面をこする
4287,scratch,ひっかく、はがし取る、線を引いて消す
4288,scream,(驚き・恐怖で)金切り声を出す、金切り声
4289,screaming,悲鳴をあげる
4290,script,文字〔体系〕、脚本、手書き、筆跡
4291,scrounge,あさり回る、くすねる、ねだる、せびる
4292,scrub,磨く
4293,scrutinize,～を綿密に調べる
4294,scrutiny,精査；監視
4295,sculpture,彫刻、彫刻作品、～を彫刻する、彫刻する
4296,scurvy,壊血病
4297,seabed,海底
4298,seal,密閉する、に封をする
4299,seamless,とぎれない、円滑な、継ぎ目のない
4300,search,探す、探求
4301,seasonal,季節の、季節的な
4302,seat,（be seated）座っている
4303,secluded,人里離れた
4304,second,二番目の、秒、(-s)おかわり
4305,secondhand,間接
4306,second-hand,間接の、また聞きの、中古の
4307,secret,秘密、秘訣、秘密の
4308,secretary,秘書、【米】長官、【英】大臣
4309,section,部分、区分、階級、（本などの）節
4310,sector,部門、分野、一部の集団
4311,secure,安全な、安心な、確保された、確保する
4312,security,安全、警備
4313,seed,種（種）をまく
4314,seek,捜し求める、～しようと努める
4315,seem,～のように思われる、見える
4316,seemingly,うわべは、見たところは
4317,segment,切片、部分、を分ける
4318,segregate,隔離する、分離〕する、隔離政策をとる
4319,seize,つかみ取る、差し押さえる、理解する、[受け身で]襲われる
4320,seldom,めったに～ない
4321,select,選ぶ、選り抜きの
4322,selective,選択的な
4323,self,自己
4324,self-esteem,自尊心
4325,selfish,利己的な
4326,sell,～を売る、売れる
4327,semester,(2学期制の)学期
4328,Senate,上院
4329,senator,上院議員
4330,senior,上位の、年上の、先輩の、年長者、最上級生
4331,sensation,大評判、物議、感覚
4332,sense,感覚、判断力、良識、正気、意識、意味
4333,sensible,賢明な、実用的な、顕著な
4334,sensitive,敏感な、神経質な、微妙な
4335,sensitivity,感じやすさ
4336,sensory,感覚の
4337,sentence,判決を宣言する、刑に処す、文、判決
4338,sentiment,感情、感想、感傷
4339,separate,分ける、離れた
4340,separation,分離
4341,sequel,続編、結果
4342,sequence,連続（するもの）、結果
4343,serene,穏やかな、平静な、(空が)澄みきった
4344,serial,連続した
4345,series,連続、シリーズもの
4346,serious,本気の、まじめな、重大な、深刻な
4347,sermon,（教会で行われる）説教
4348,servant,召使い
4349,serve,かなう、仕える、供給する、(食事など)を出す
4350,service,業務、奉仕、（バスなどの）便、公益事業
4351,session,集まり、（議会の）会期、（開会中の）議会
4352,set,設定する、置く、定める、ひとまとまり
4353,setback,(進歩・発展の)妨げ、支障
4354,setting,環境，状況；（小説，劇，機械などの）設定，舞台
4355,settle,落ち着く、定住する、を解決する、を決める
4356,settlement,開拓地、解決、合意
4357,settler,入植者、移民
4358,several,いくつかの、それぞれの、いろいろな
4359,severe,（人・規律・事態・天気などが）厳しい、猛烈な
4360,severely,ひどく、厳しく、激しく
4361,sew,縫う、ミシンをかける
4362,sewage,下水
4363,sewer,下水道
4364,sex,性(別)
4365,shabby,ぼろぼろの、みすぼらしい
4366,shade,陰、明暗・濃淡の度合い、わずかな違い
4367,shadow,影
4368,shake,揺れる、を揺り動かす
4369,shallow,浅い、浅薄な
4370,shame,恥、（a～）残念なこと
4371,shape,状態、（体）形
4372,share,共有する、分配する、分担する、割り当て、分け前
4373,shark,サメ
4374,sharp,利口な、聡明な、良く切れる、急激な
4375,sharply,急速に
4376,shatter,粉々に割る、打ち砕く、害する、粉々になる
4377,shed,(光など)を当てる、落とす、流す、小屋
4378,sheep,ヒツジ（複数形も同形）
4379,sheer,まったくの、険しい、まったく、垂直に
4380,sheet,１枚の紙、シーツ
4381,shelf,棚
4382,shell,（貝）殻
4383,shellfish,貝、甲殻類
4384,shelter,避難所、住まい、保護する、住まわせる
4385,shield,盾、防御物
4386,shift,変える、移る、変化、移動、交替（制）
4387,shine,磨く、照らす、輝く、光沢
4388,ship,を出荷する、を輸送する
4389,shipping,発送
4390,shipwreck,難破船
4391,shiver,(寒さなどで)身震いする
4392,shock,衝撃、に衝撃を与える
4393,shoot,撃つ
4394,shore,（海・湖・広い河川の）岸
4395,short,短い、不足して、背が低い、簡潔な
4396,shortage,不足
4397,shortcoming,欠点、短所
4398,shortfall,不足
4399,shorthand,簡潔な言い方、速記
4400,short-tempered,短気な
4401,shoulder,肩
4402,shout,大声で言う、叫ぶ、叫び
4403,shove,押す
4404,showdown,最後の対決
4405,shred,一片、断片
4406,shrewd,抜け目のない、（洞察などが）鋭い
4407,shriek,金切り声をあげる、甲高い声で言う、鋭い音
4408,shrine,神社、祭壇
4409,shrink,縮む、しりごみする、を縮める
4410,shrug,肩をすくめる
4411,shudder,身震いする、身震い、震え
4412,shun,避ける
4413,shuttered,シャッターの閉まった[付いた]
4414,shuttle,定期往復バス[列車、飛行機]
4415,shy,内気な、恥ずかしがりの
4416,sibling,きょうだい（の1人）
4417,sidewalk,歩道
4418,sigh,ため息(をつく)
4419,sight,光景、名所、見ること、視野、視力
4420,sign,署名する、合図する、記号、兆候、合図、標識
4421,signal,合図、信号（機）、に合図する
4422,signature,署名、特徴
4423,significance,意義、重要性
4424,significant,重要な、重大な、意義深い
4425,significantly,著しく、意味ありげに
4426,signify,を意味する；重要である
4427,silence,沈黙、静けさ
4428,silly,愚かな、バカバカしい
4429,similar,似ている、類似した、同様の
4430,simmer,(煮立たない程度に)こことこ煮える[≒boil gently]
4431,simple,単純な、質素な
4432,simplify,を簡単にする
4433,simply,ただ単に、簡単に、まったく、非常に
4434,simulate,模擬実験する、装う、まねる
4435,simultaneous,"同時の, 同時に起こる"
4436,simultaneously,同時に、一斉に
4437,sin,(道徳・宗教上の)罪
4438,sincere,正直な、心からの、偽りのない、誠実な、真剣な
4439,sincerity,誠実
4440,single,ただ１つの、個々の、独身の、１人用の
4441,singular,非凡な、まれにみる、単数の、別々の
4442,sinister,邪悪な、不吉な
4443,sink,沈む、崩れ落ちる、沈める
4444,sinking,沈む
4445,sip,一口飲む
4446,site,用地、場所、跡地、ウェブサイト
4447,situation,位置、立場、状態、きわどい場面
4448,sizzle,ジュージューと音を立てる
4449,skeleton,骨格、骨組み、概略
4450,skeptical,懐疑的な
4451,sketch,概要を述べる、スケッチする、概略
4452,skill,技能、技術
4453,skillful,熟練した、巧みな
4454,skin,皮膚、皮
4455,skip,跳ねまわる、軽く跳び越える、省く、省略
4456,skull,頭骨、頭蓋骨、頭脳
4457,skyscraper,超高層ビル
4458,slack,たるんだ、(商売などが)不活発な
4459,slam,バタンと閉める、酷評する
4460,slang,俗語
4461,slant,傾く
4462,slap,ぴしゃりとたたく、ぴしゃりと打つこと[音]、非難
4463,slaughter,虐殺する、虐殺
4464,slave,奴隷、とらわれている人
4465,slavery,奴隷制度、苦役
4466,slender,ほっそりした、わずかな
4467,slide,すべる[すべらせる]（こと）
4468,slight,わずかな、ほっそりした、取るに足らない
4469,slightly,わずかに
4470,slip,滑る、滑り落ちる、そっと動く
4471,slog,つらい仕事、強行軍；苦労して進む
4472,slope,坂、勾配
4473,slow,遅い、遅れている、遅くする
4474,sluggish,停滞した
4475,slump,前かがみになる、どすんと落ちる、衰える、不調
4476,sly,ずる賢い
4477,smart,頭が良い、身なりがきちんとした
4478,smash,粉々にする、激しくぶつかる
4479,smell,においをかぐ、においがする、におい
4480,smoke,煙、タバコを吸う
4481,smooth,なめらかな、順調な、なめらかにする
4482,smoothly,順調に、滑らかに
4483,smuggle,[他] ～を密輸する
4484,smuggler,密輸業者
4485,snap,パチンと鳴らす、ポキッと折る[折れる]
4486,snatch,ひったくる
4487,sneak,こっそり動く
4488,sneer,冷笑する
4489,sneeze,くしゃみをする
4490,sniff,くんくん嗅ぐ
4491,snore,いびきをかく
4492,soak,浸す、染み込む、吸収する
4493,soar,急上昇する、舞い上がる
4494,soaring,急上昇する
4495,sob,むせび泣く、すすり泣き
4496,sober,酔っていない、節度のある、真面目な
4497,so-called,いわゆる、世間でいう
4498,social,社交的な、社会の、社会的な
4499,socialism,社会主義
4500,socialize,社会に適合させる、付き合う
4501,society,社会、協会、団体
4502,socioeconomic,社会経済的な
4503,sociology,社会学
4504,sodium,ナトリウム、ソジウム
4505,soften,和らげる、柔らかくする、柔らかくなる
4506,software,ソフトウェア
4507,soil,土地、土壌
4508,solar,太陽の、太陽光線を利用した
4509,soldier,(陸軍の)軍人、兵士
4510,sole,唯一の、単独の、独占的な
4511,solemn,厳粛な、まじめな
4512,solid,固体、固体の、固い、しっかりした
4513,solitary,孤独な、ひとりだけの、唯一の
4514,solitude,ひとりでいること、孤独
4515,solstice,至、至点
4516,solve,解決する、解答する
4517,somebody,誰か、名のある人
4518,somehow,なんとかして、どういうわけか
4519,somewhat,いくぶん、多少
4520,somewhere,どこかで[へ]、およそ、ある場所
4521,sonar,音波探知機
4522,songbird,鳴き鳥
4523,soothe,なだめる、（苦痛を）和らげる
4524,sophisticated,洗練された、精巧な
4525,sophomore,(高校・大学の)二年生
4526,sore,痛い、悲しんだ、怒った
4527,sorrow,深い悲しみ
4528,sorrowful,悲観に暮れている、悲しい
4529,sort,分類する、えり分ける
4530,soul,魂、精神、人、情熱、本質的なもの
4531,sound,～に聞こえる、健全な、ぐっすりと、無事に
4532,sour,すっぱい、不愉快な、気むずかしい
4533,source,源、根源、出所、情報源
4534,south,南（の）
4535,souvenir,記念品、おみやげ
4536,sovereign,主権を有する、独立した、君主
4537,sow,（種）をまく
4538,soybean,大豆
4539,space,空間、場所、宇宙
4540,spacecraft,宇宙船
4541,spacious,広々とした、雄大な
4542,span,（時間の）長さ、期間
4543,spare,余分の、予備、（時間など）を割く、省く、惜しむ
4544,spark,火花、ひらめき、を引き起こす、火花を出す、輝く
4545,sparkle,火花を出す、輝く、火花、輝き
4546,sparrow,スズメ
4547,spatial,空間の、空間的な
4548,specialist,専門家
4549,specialize,専門とする、専攻する
4550,species,種（類）
4551,specific,特定の、明確な、具体的な、特有の
4552,specify,特定する
4553,specimen,標本、実例
4554,spectacle,壮観、見もの、惨状、(～s)眼鏡
4555,spectacular,壮観な、見ごたえのある
4556,spectator,（試合などの）観客
4557,spectrum,(変動する)範囲
4558,speculate,推測する、熟考する、投機をする
4559,speculation,推測、思索、投機
4560,spell,期間、短い時間、呪文、魔法
4561,spelling,つづり、語を正しくつづること[能力]
4562,spend,（時間）を費やす、（お金）を使う
4563,sperm,精子
4564,sphere,領域、球
4565,spill,こぼす
4566,spin,回転する、を回転させる、（糸）を紡ぐ
4567,spinal,脊椎の
4568,spine,背骨、脊柱
4569,spirit,霊、魂、精神、気分、気力
4570,spiritual,精神の）、霊的な
4571,spiteful,悪意のある
4572,spleen,脾臓
4573,splendid,すばらしい、豪華な
4574,splinter,とげ、破片
4575,split,分ける、分裂する、分裂、裂け目
4576,spoil,台無しにする、甘やかしてダメにする、戦利品
4577,sponsor,に資金を提供する、を後援する
4578,spontaneous,自発的な、任意の、無意識の、本能的な
4579,spot,点、場所、を見つける
4580,spotless,非の打ち所がない
4581,spouse,配偶者
4582,sprain,(足首・手首など)をくじく、を捻挫する
4583,sprawl,不規則に広がる、だらしなく手足を伸ばす
4584,spray,吹きかける、吹きつける
4585,spread,広げる、塗る、広がる、広がり、普及
4586,spring,泉、春、バネ
4587,sprout,発芽する
4588,spur,拍車をかける、駆り立てる
4589,square,正方形、四角（い広場）、正方形（四角）の
4590,squeeze,詰め込む、絞り出す、押し入る、席を詰める
4591,squid,イカ
4592,stability,安定、安定性
4593,stable,安定した、動じない
4594,stack,積み重ね、堆積、積む、積み重ねる
4595,staff,杖、棒、（集合的に）社員、職員、スタッフ
4596,stage,（発達の）段階、舞台
4597,stagger,ずらす、よろけさせる、動揺させる、よろける、よろめき
4598,stain,染料、しみ、きず
4599,stair,階段、(階段の)一段
4600,stake,利害関係、〔通例～s〕賭け金、杭
4601,stale,(食物などが)新鮮でない、(表現などが)陳腐な
4602,stalk,にこっそり近付く、の後をそっとつける、忍び寄る
4603,stall,露店、エンスト、失速
4604,stamina,スタミナ、持久力
4605,stance,立場、対処の姿勢
4606,standard,標準の、標準、基準
4607,standby,(いざというとき)頼りになるもの(人)、交替要因
4608,standpoint,観点、見地、立場
4609,standstill,停止、足踏み状態
4610,staple,主要な、主要産物〔商品〕
4611,stare,じっと見る(こと)
4612,startle,びっくりさせる
4613,starve,飢える、（～を）渇望する、を飢えさせる
4614,state,状態、国家、州、を述べる
4615,statement,声明、主張、明細書
4616,statesman,政治家
4617,static,活気のない、静的な、静電気の、雑音
4618,stationary,静止した
4619,statistic,統計
4620,statistics,統計（の数字）、統計学
4621,statue,像
4622,status,地位、身分、状況、高い社会的地位
4623,steady,しっかりした、固定した、変わらない、落ち着いた
4624,steal,（物）（こっそり）を盗む、（副詞句を伴って）そっと行く
4625,steam,蒸気
4626,steel,鋼鉄壁
4627,steep,（坂などが）急な、険しい、（値段が）法外
4628,steer,操縦する、進む、を運転する、を(ある方向に)向ける
4629,stem,生じる、由来する（from）、（草木の）茎（幹）
4630,step,一歩、足音、《～s》階段
4631,stereotype,固定観念、型にはまった人[物]、～を型にはめる
4632,sterile,殺菌した、不毛の、無益な
4633,stern,厳格な、いかめしい、断固とした
4634,stick,固執する、くっつく、刺さる、行き詰まる、棒きれ
4635,sticky,ねばねばの、粘着性の
4636,stiff,堅い、こわばった、断固とした、法外な
4637,stifle,抑える、押し殺す、止める、窒息死する、息が詰まる
4638,stigma,汚名
4639,still,じっとしている、静かな、まだ、それでも
4640,stimulate,刺激する、活気づける
4641,sting,刺す、刺すこと、痛み
4642,stingy,けちな、出し惜しみする、量がわずかな、少ない
4643,stir,かき混ぜる、奮起させる、駆り立てる、動く
4644,stock,株式、蓄え、在庫（品）、を貯蔵している
4645,stoically,冷静に
4646,stomach,胃、腹（部）
4647,stomachache,腹痛
4648,stopover,短期滞在（地）
4649,storage,保管、貯蔵(法)、収容力
4650,store,店、蓄える
4651,storm,嵐、荒天
4652,story,物語、～階建て
4653,stout,頑丈な
4654,straightforward,率直な、わかりやすい、まっすぐに
4655,strain,痛める、酷使する張り、緊張、ストレス
4656,strand,立ち往生させる
4657,stranger,知らない人、未経験者、不慣れな人
4658,strangle,(発展・活動など)を抑圧する、を窒息させる
4659,strategy,戦略、方策
4660,stray,横道へそれる、脱線する、道に迷った、はぐれた
4661,stream,小川、流れ
4662,streamline,[他] （作業・組織など）～を合理化する
4663,strength,強さ
4664,strengthen,を(より)強くする
4665,strenuous,激しい
4666,stress,強調する、ストレス、緊張、圧力、強調、重点
4667,stretch,伸ばす、及ぶ、伸びる、広がり、伸ばすこと
4668,strict,厳格な、厳密な、全くの、完全な
4669,strictly,厳格に、厳しく
4670,stride,大また、ひとまたぎ、大またに歩く、を大またで歩く
4671,strife,不和、口論
4672,strike,(考えなどが)心に浮かぶ、ぶつかる、打撃
4673,striking,いちじるしい
4674,string,ひと続き、ひも、糸
4675,strip,～から…をはぎ取る、裸にする、 衣服を脱ぐ
4676,strive,努力する、戦う
4677,stroke,脳卒中、打つこと、一撃
4678,stroll,ぶらぶら歩く、さまよう、をぶらつく、散歩
4679,structure,建物、構造、構成、組織、体系
4680,struggle,苦闘する、努力する、奮闘、努力
4681,stubborn,頑固な、強情な、手に負えない
4682,studio,スタジオ、放送室
4683,stuff,詰め込む材料、題材
4684,stumble,よろけながら歩く、つまずく
4685,stun,気絶させる、びっくり仰天させるを茫然とさせる
4686,stunned,あぜんとした
4687,stunt,妨げる
4688,stupid,愚かな、ばかな、ばかげた
4689,sturdy,頑丈な、たくましい、不屈の
4690,style,形式、型、文体
4691,subdue,征服する、おさえる、弱める
4692,subject,主題、国民、被験者、支配下にある、受けやすい
4693,subjection,服従 主観的
4694,subjective,主観的な
4695,sublime,荘厳な、崇高な
4696,submerge,水に浸す、潜水する
4697,submission,服従、提出
4698,submit,提出する、〔submit oneself〕服従する
4699,subordinate,従属している、下位の、二次的な、下位のもの
4700,subscribe,同意する、署名する、予約［定期］購読する
4701,subscriber,加入者
4702,subscription,予約購読(料)、寄付(金)
4703,subsequent,続いて起こる
4704,subsequently,その後、続いて
4705,subsidize,に補助金[助成金]を支給する
4706,subsidy,補助金、報奨金
4707,subsistence,生存、生計
4708,substance,物質、薬物、本質、中身、要旨、骨子
4709,substantial,相当な、多大な
4710,substitute,"代用する、代用品, 代理人"
4711,subtle,微妙な、かすかな、巧妙な、鋭敏な
4712,subtly,微妙に、かすかに、鋭敏に、ずるく
4713,subtract,減じる、引く
4714,suburb,郊外、周辺、付近
4715,subway,地下鉄壁[米]、地下道[英]
4716,subzero,氷点下の
4717,succeed,成功する、継承する
4718,success,成功
4719,successor,後任、後継者、取って代わるもの、次のもの
4720,suck,吸う、しゃぶる、吸い込む
4721,sudden,突然の
4722,sue,告訴する、訴訟を起こす
4723,suffer,苦しむ、害を受ける
4724,sufferer,苦しむ人、被災者、病人
4725,sufficiency,十分なこと、十分な状態
4726,sufficient,十分な
4727,suffocate,～を窒息させる
4728,suggest,提案する、示唆する
4729,suggestive,暗示的な、連想させる
4730,suicide,自殺、自殺的行為
4731,suit,適する、似合う、適合させる
4732,suitable,適切な
4733,suite,スイートルーム
4734,sulfur,硫黄
4735,sum,合計、金額、要点、要約する
4736,summit,頂上、頂点、首脳会議、首脳
4737,summon,呼び出す、召喚する、命じる、奮い起こす
4738,superb,壮麗な、すばらしい
4739,superficial,表面的な、浅はかな、皮相的な、浅い
4740,superior,よりすぐれた
4741,superiority,優越
4742,supernatural,超自然の
4743,superstition,迷信、偶像礼拝
4744,superstitious,迷信深い、迷信の
4745,supervise,監督〔管理〕する、監視する
4746,supervisor,監督者、指導教員
4747,supplement,補う、補うもの、栄養補助食品
4748,supplementary,補足の、追加の
4749,supply,供給（量）、必需品、を供給する
4750,support,支える、支持する、扶養する、裏付ける
4751,suppose,～だと思う、～だと推測する、もし～だとしたら
4752,supposedly,たぶん、おそらく
4753,suppress,抑える、鎮める、（笑いなど）を我慢する
4754,supreme,最高の、この上ない、究極の
4755,surcharge,追加料金
4756,surf,サーフィンする、（ネット上の情報など）を見て回る
4757,surface,表面、外観
4758,surge,殺到する、こみ上げる、急騰する
4759,surgeon,外科医、軍医
4760,surgery,（外科）手術、外科、外科医学
4761,surpass,超える、勝る、脅威を与える、脅迫する
4762,surplus,余り、余分の、さらなる、さらに進む
4763,surprise,驚き、驚かせること（もの）、を驚かせる
4764,surrender,放棄する、引き渡す、屈する
4765,surround,取り囲む、取り巻く
4766,surrounding,周囲の状況、環境
4767,surveillance,監視、見張り
4768,survey,調査、概観、を調査する、を概説する
4769,survival,生き残ること
4770,survive,生き延びる、切り抜ける、より長生きする
4771,susceptible,影響を受けやすい、感染しやすい
4772,suspect,疑う、～だと思う、容疑をかける
4773,suspend,つるす、一時的に中止する、停職（学）にする、保留する
4774,suspicious,疑わしい
4775,sustain,支える、維持する、耐える、被る
4776,sustainable,持続できる、維持できる
4777,swallow,飲み込む、飲み込むこと、ツバメ
4778,swamp,水浸しにする、に押し寄せる、沼(地)
4779,swap,交換する
4780,swarm,大群
4781,sway,揺れる、傾く、揺り動かす
4782,swear,ののしる、誓う
4783,sweat,汗をかく、汗
4784,sweatshop,搾取工場
4785,sweep,一掃(する)、掃除（する）、殺到する
4786,swell,ふくらむ、腫れる、（数量が）増加する
4787,swerve,急に向きを変える
4788,swift,迅速な、即座の
4789,swing,揺らす、振る、揺れる、（行動に）さっと移る
4790,switch,（仕事・考えなどを）変える、スイッチ、変化
4791,sword,剣、刀、武力、権力、戦争
4792,syllabus,講義一覧表、(講義などの)綱要
4793,symbol,象徴、シンボル、記号、標章
4794,symmetry,（左右）対称、調和
4795,sympathize,同情する
4796,sympathy,同情、共感
4797,symptom,症状、兆候
4798,synchronize,同一時刻にする
4799,syndrome,症候群、行動様式
4800,synonym,類義語、同義語、類義表現
4801,synthesis,合成、総合
4802,synthesize,総合する、合成する、合成して作り出す
4803,synthetic,合成の
4804,system,装置、制度、組織、体系、方法、学説
4805,tablet,タブレット（型情報端末）、錠剤、平板
4806,tackle,〔問題などに〕取り組む
4807,tactical,戦術の
4808,tactics,作戦、方策、戦術、戦法
4809,tag,ついて行く；に付け札をつける；付け札、タグ
4810,tail,しっぽ、後部
4811,tailor,を合わせて作る
4812,taint,汚す
4813,tale,話、うそ
4814,talent,才能、素質、才能のある人
4815,talkative,話好きの、おしゃべりな
4816,tame,飼いならす、柔順な
4817,tan,小麦色、日焼けした色、日焼けさせる
4818,tangible,触れることができる、明白な、具体的な
4819,tap,軽くたたく、（液体）を出す、盗聴する
4820,target,標的、達成目標、ねらう
4821,tariff,関税、運賃、料金表
4822,task,仕事、作業、課題
4823,taste,味、好み、～な味がする、味を見る
4824,tax,税（金）
4825,tear,裂く、引きはがす
4826,tease,からかう、いじめる、じらす
4827,technical,専門の、技術的な
4828,technically,厳密に(言えば)、専門[技術]的に
4829,technique,技術、技法、手法、コツ
4830,technology,科学技術、科学的方法
4831,tedious,うんざりする〔させる〕
4832,teenager,10代の若者
4833,telescope,望遠鏡
4834,temper,気質、気分、かんしゃく、平静な気分、落ち着き
4835,temperament,気質、気性
4836,temperate,穏やかな、節度のある
4837,temperature,温度、体温
4838,temple,寺院、神殿
4839,temporal,時間の、現世の、つかの間の
4840,temporary,一時的な
4841,tempt,誘惑する、～を…する気にさせる、怒らせる
4842,tempting,魅力的な
4843,tenant,賃借人
4844,tend,～する傾向がある（to do）
4845,tender,優しい、同情的な、柔らかい、きゃしゃな
4846,tense,緊張した、硬直した
4847,tension,緊張、不安、緊迫状態、張りの度合い
4848,tentative,仮の，試験的な
4849,term,期間、専門用語、条件、関係
4850,terminal,終点、最終の
4851,terminate,終わらせる、終わる
4852,termite,シロアリ
4853,terrain,地形、地勢
4854,terrible,ひどい、恐ろしい
4855,terrific,すばらしい、ものすごい
4856,terrify,怖がらせる、脅かす
4857,territory,領土、領域
4858,terror,恐怖
4859,terrorism,テロ行為、恐怖政治、恐怖状態
4860,test,テスト、判断基準
4861,testament,あかし、証拠
4862,testify,証言する
4863,testimony,証拠、証明、証言
4864,text,文章、メール、メールを送る
4865,textile,織物、繊維（産業）
4866,texture,感触、手触り、本質、質感
4867,thaw,解凍される、溶ける
4868,theater,劇場、映画館
4869,theft,窃盗（罪）
4870,theme,主題、テーマ、作文（の題）、主題歌
4871,theology,神学、神学体系、教義
4872,theory,学説、理論、原理、推測
4873,therapeutic,治療的な、（心身の）健康によい
4874,therapy,治療、療法
4875,thereby,それによって、それに関して
4876,therefore,したがって
4877,thermal,熱の、熱による、保温用の
4878,thermometer,温度計、体温計
4879,thermostat,自動温度調節装置、サーモスタット
4880,thesis,論文、主題
4881,thick,厚い、太い、濃い
4882,thief,泥棒
4883,thigh,大股
4884,thin,薄い、細い、やせた
4885,thirst,渇き、渇望
4886,thirsty,のどの渇いた、渇望する
4887,thorn,とげ、針
4888,thorough,徹底的な、完全な、全くの、几帳面な
4889,thoroughly,徹底的に
4890,thought,考え、思いつき、思想、思いやり
4891,thoughtful,思いやりのある、思慮〔注意〕深い
4892,thread,糸を通す、糸、筋、脈絡、縫うように進む
4893,threat,脅迫、脅かすもの、悪いきざし
4894,threaten,脅迫する
4895,threshold,出発点、発端、戸口、敷居
4896,thrifty,質素な、やりくりのうまい、繁盛して
4897,thrill,ぞくぞくする[させる]、ぞくぞく[わくわく]すること
4898,thrilled,とてもうれしい
4899,thrive,栄える、うまくやっている、成長する
4900,throne,王位、王権
4901,through,～にもかかわらず、（通例文尾で）でも
4902,throughout,通して、至る所に
4903,throw,～を投げる、催す、捨てる（away/out）
4904,thrust,ぐっと押す、押し付ける、強いる、突く、突き出る
4905,thumb,親指
4906,thus,したがって、だから、このように、次のように
4907,tick,にチェックの印をつける；カチカチと鳴る
4908,tickle,くすぐる
4909,tide,潮（の干満）、潮流、上げ潮
4910,tidy,きちんとした、満足な、なかなかよい
4911,tie,ネクタイ、結び目、同点、つながり
4912,tight,きつい、ぎっしり詰まった、ケチな、厄介な、厳格な、堅く
4913,tighten,を固く締める、を強化する
4914,timber,【英】木材
4915,time,時間、回数、倍、（―s）情勢，時代
4916,timetable,（乗物の）時刻表
4917,timid,臆病な、内気な
4918,tiny,とても小さい、ごくわずかの
4919,tip,先（端）、チップ、秘訣
4920,tiresome,退屈な、骨の折れる、厄介な
4921,tissue,組織、ティッシュペーパー
4922,title,肩書、タイトル、作品
4923,tobacco,（刻み）タバコ
4924,toddler,幼児
4925,toe,足の指、つま先
4926,toil,骨を折って働く、苦労して進む
4927,token,しるし、代用硬貨、商品券
4928,tolerable,許容できる、我慢できる
4929,tolerant,寛容な、包容力のある
4930,tolerate,耐える、抵抗力がある、黙認する、許す
4931,toll,損害（の程度）、死傷者数、通行料
4932,toll-free,（通行料・通話料が）無料の
4933,tomb,墓石、墓
4934,ton,(重量単位)トン、大量
4935,tone,音色、音調、調子、色合い、～の調子を変える
4936,tongue,言語、言葉、舌、話しぶり
4937,tool,道具、工具、商売道具、手段
4938,tooth,歯
4939,top,（通例the）頂上、最高位
4940,topic,話題、トピック、主題
4941,topple,を倒す、ぐらつく、ぐらついて倒れる
4942,torch,たいまつ
4943,torment,ひどく苦しめる、ねじ曲げる
4944,tornado,竜巻
4945,torture,拷問、苦痛、拷問にかける、ひどく苦しめる、曲解する
4946,total,まったくの、統計の、合計
4947,touchy,厄介な、敏感な
4948,tough,かたい、丈夫な、難しい、困難な、不幸な
4949,tour,（観光）旅行（見学）（をする）
4950,tourism,観光
4951,tout,しつこく勧める（勧誘する）
4952,toward,の方へ
4953,toxic,有毒な、中毒性の
4954,trace,跡、追跡する、見つけ出す
4955,track,追う、通った跡、走路、線路、小道
4956,tracker,追跡者（機器）
4957,tract,〔器官の〕管、道、大きな広がり
4958,trade,貿易、職業、商売、売買する、交換する
4959,tradition,伝統、慣習、伝説
4960,traffic,交通、通行、交通［輸送］量、取引
4961,trafficking,不正取引、密売
4962,tragedy,悲劇（的な事態）
4963,tragic,悲惨な、悲劇的な
4964,trail,追跡する、引きずる、跡、小道
4965,trait,（性格・習慣などの）特色
4966,traitor,裏切り者
4967,trance,催眠状態
4968,tranquil,穏やかな
4969,tranquility,平穏、静寂
4970,tranquilizer,精神安定剤
4971,transact,商取引を行う、処理する
4972,transaction,（業務の）処理、取引、議事録
4973,transcend,超越する、を超越する、をしのぐ
4974,transcription,書写 文字起こし
4975,transfer,移動(する)、譲渡(する)、移転(する)、乗り換え(る)
4976,transform,変形させる、一変させる
4977,transient,一時的な、束の間の、浮浪者、短期滞在客
4978,transition,推移、移り変わり、過渡期、変わり目
4979,transitional,移り変わる、移行の、過渡的な
4980,translate,翻訳する、解釈する、)移す
4981,translation,翻訳(書)、移行
4982,translucent,半透明の
4983,transmit,送る、伝える、伝染させる
4984,transmogrify,を一変させる
4985,transparent,透明な、見え透いた、明白な、わかりやすい、率直な
4986,transplant,移動させる、移植する、移植（手術）
4987,transport,輸送する、（be～ed)夢中になる、いっぱいになる
4988,transportation,交通機関、輸送
4989,trap,わな、策略、罠で捕らえる、だます、閉じ込める
4990,trash,ゴミ
4991,traumatic,トラウマになる、ショッキングな
4992,travel,旅行する、進む、（光・音などが）伝わる、旅行
4993,treacherous,不誠実な、裏切りの、当てにならない
4994,treasure,大事にする、宝物、貴重品
4995,treat,処理する、治療する、おごる、おごり、もてなし
4996,treaty,（国家間の）条約、協定
4997,tremble,震える、感動する、を動かす、震える、振動する
4998,tremendous,（数量・程度・強さなどが）ものすごい、素晴らしい
4999,trend,傾向、流行
5000,trespass,(不法)侵入する、侵害する
5001,trial,試み、（品質・性能などの）試験、裁判、試用期間
5002,triangle,三角形
5003,tribal,種族の、部族の
5004,tribe,部族、仲間
5005,trick,だます、計略、いたずら、秘訣、芸
5006,tricky,扱いにくい、こつのいる、ずるい、狡猾な
5007,trifle,ささいな事、くだらない物、少量
5008,trigger,誘発する、（銃の）引き金、誘因
5009,trim,切り取る
5010,triple,３倍になる、を３倍にする
5011,triumph,勝利、大勝利、勝利を得る、勝利を喜ぶ
5012,trivial,ささいな、取るに足りない、ありふれた
5013,troop,軍隊、兵士たち、一団、群れをなして進む
5014,tropic,熱帯地方、回帰線
5015,tropical,熱帯の、熱烈な
5016,trouble,困ること、問題（点）、骨折り、悩ませる、迷惑をかける
5017,trunk,(木の)幹、（自動車の）トランク
5018,trust,信頼、（財産などの）委託、を信頼する
5019,trustworthy,信頼〔信用〕できる、頼りになる、当てになる
5020,truth,真実、事実、真理、誠実
5021,tube,管、[英]地下鉄
5022,tuition,授業料、個人指導
5023,tumble,転ぶ、暴落する、倒す、ひっくり返す、転落、暴落
5024,tumor,腫瘍、はれ
5025,tumor/tumour,腫瘍、腫れ物
5026,tuna,マグロ
5027,tune,メロディ、曲、適応させる、合っている
5028,turmoil,混乱
5029,turn,変わる（える）、回転する（させる）、曲がる（げる）、順番
5030,turtle,カメ、ウミガメ
5031,tutor,家庭教師、個人電話、 個人的に教える
5032,tweet,つぶやく
5033,twin,双子の一方、対をなす
5034,twist,より合わせる、曲げる、ねじれ
5035,type,タイプ、型
5036,typical,典型的な、特有の
5037,typically,通常、概して、典型的に
5038,typify,の典型となる
5039,tyranny,暴政、暴虐、制圧、専制〔独裁〕政治
5040,tyrant,暴君、専制君主
5041,ubiquitous,至る所に存在する、どこにでも現れる
5042,ugly,醜い、不快な、けしからぬ
5043,ultimate,究極（的）の、最終（的）の、最高の
5044,ultimately,最終的に
5045,ultraviolet,紫外線、紫外線の
5046,unanimous,全員一致の、同意見の
5047,unanimously,満場一致で
5048,unauthorized,権限のない、(公的に)認可されていない
5049,unaware,気づかないで、知らないで
5050,uncertain,はっきり分からない、(人が)確信がない
5051,unchanged,変化していない、元のままの
5052,unconditional,無条件の、絶対的な
5053,uncover,暴く、発掘する
5054,underestimate,過小評価する、軽く見る、少なく見積もる
5055,underfed,栄養失調の
5056,undergo,経験する、受ける
5057,undergraduate,大学生
5058,underground,地下の（に、で）、地下（鉄壁）
5059,underlie,背後にある、基礎となる、下にある
5060,underlying,根本的な
5061,undermine,害する、傷つける、侵食する、下を掘る
5062,underrate,～を過小評価する
5063,underscore,に下線を引く、を強調する
5064,understandable,もっともな、当然の、理解できる、わかる
5065,understate,を控えめに言う
5066,undertake,引き受ける、保証する、に着手する
5067,undo,はずす、ほどく、元通りにする、帳消しにする、破滅させる
5068,undone,元に戻る
5069,undoubtedly,確かに、(文修飾)明らかに
5070,unearth,（偶然）～を見つける、～を発掘する
5071,unease,不安、心配
5072,uneasy,不安な、落ち着かない、ぎこちない
5073,unemployment,失業（状態）、失業率
5074,unequal,(権利などが)不平等な
5075,uneven,でこぼこな、平でない
5076,unexpected,思いがけない、不意の
5077,unfairly,不当に、不公平に
5078,unfamiliar,不慣れな、よく知られていない
5079,unfold,開く、明らかにする、開く、明らかになる
5080,unfortunately,残念なことに、不幸にも
5081,uniform,同一の、均等の、制服
5082,unify,統合［統一］する、統一される
5083,union,労働組合、結合、団結、一致、連邦
5084,unique,唯一の、特有の、類のない
5085,uniquely,比類なく、独特に
5086,unit,1個、1人、（構成などの）単位
5087,unite,結合する、団結させる、まとめる
5088,unity,結束、統合、単一（性）、一貫性
5089,universal,普遍的な、全員の、万能の、宇宙の、世界中の
5090,universe,宇宙
5091,university,（総合）大学
5092,unknown,不明の、（～に）知られていない（to）、無名の
5093,unleash,（抑えていたもの）を爆発させる
5094,unless,…でない限り
5095,unlike,と異なって、異なった
5096,unorthodox,型破りの
5097,unperturbed,心を乱されない、落ち着いた
5098,unpleasant,不愉快な、不親切な、無礼な
5099,unpopular,人気がない、不評の、はやらない
5100,unprecedented,前例のない、空前の
5101,unpredictable,変わりやすい、予測できない
5102,unproductive,非生産的な、良い結果を生まない
5103,unravel,解明する
5104,unrelated,無関係の、血縁関係がない
5105,unrest,(社会的な)混乱、不安、(心の)動揺
5106,unsafe,安全でない、危険な
5107,unsound,不健康な
5108,until,①～まで（ずっと)[接] ②～まで（ずっと）
5109,unusual,普通でない
5110,unveil,のベール(おおい)を取る、を明らかにする
5111,unwarranted,不当な、保証されていない、公認されていない
5112,unwittingly,知らずに、うっかり
5113,upbringing,(子供の)養育、しつけ
5114,upcoming,今度の、近づく、やってくる
5115,update,最新のものにする、アップデートする
5116,upgrade,改良する
5117,upheaval,大変、激変
5118,uphold,を支持する、を確認する、を維持する
5119,uplifting,高揚させる
5120,upper,上部の、上級の
5121,upright,まっすぐな、直立した、まっすぐに、直立して
5122,uproar,大騒ぎ、騒動
5123,uproot,根こそぎ引き抜く、根絶する
5124,upscale,高所得者層
5125,upset,あわてさせる、ひっくり返す、腹を立てて
5126,upside,良い面
5127,uptight,神経質な
5128,up-to-date,現代的な、最新の
5129,upturn,好転、上昇
5130,upward,上に向かって、上方への
5131,Uranus,天王星
5132,urban,都市の、都会的な
5133,urge,駆り立てる、～に…するよう説得する、推進する、衝動
5134,urgency,緊急、切迫
5135,urgent,緊急の
5136,usage,用法、語法、習慣
5137,used,中古の、（to do）以前は～した；（be - to）に慣れている
5138,useless,役に立たない、無駄な、劣っている
5139,usually,たいてい
5140,utensil,（特に台所の）用具、（一般に）道具
5141,utility,公共事業、公共料金、実用性
5142,utilize,利用する
5143,utmost,最高の、最大の、最大限
5144,utter,(言葉など)を発する、表現する、全くの、徹底的な
5145,utterance,発言
5146,utterly,まったく
5147,vacant,空いている、からの、うつろな
5148,vacation,休暇
5149,vaccine,ワクチン
5150,vacuum,真空状態、空虚、電気掃除機、掃除機をかける
5151,vague,あいまいな、ぼんやりとした
5152,vain,無駄な、骨折り損の、価値のない、うぬぼれの強い
5153,valence,原子価
5154,valid,妥当な、正当な、有効な、合法的な、効力がある
5155,validate,を立証（実証）する、を認可（公認）する
5156,validity,妥当性
5157,valley,谷（間）、流域
5158,value,（複数）価値観、価値、重要性、評価する
5159,vandalism,破壊、損傷
5160,vandalize,破壊する
5161,vanish,消える、消滅する、薄れる
5162,vapor,蒸気、実体のないもの
5163,variability,変わりやすいこと、変異性
5164,variable,変わりやすい
5165,variation,変異、変化、差異
5166,various,さまざまな、いくつかの
5167,vary,さまざまである、変わる、変える
5168,vast,膨大な、広大な
5169,vault,金庫室 とびこえる
5170,vegetation,植物、植生
5171,vehicle,乗り物； 伝達手段、媒体、原動力
5172,vein,血管、静脈、特質
5173,velocity,速度
5174,vend,売る、を売る
5175,vending,販売
5176,vending machine,自動販売機
5177,vendor,物売り、行商人、自動販売機
5178,venture,冒険（的事業）、思い切って～する
5179,venue,会場、開催地
5180,Venus,金星
5181,verb,動詞
5182,verbal,言葉の、口頭での、逐語的な
5183,verdict,評決、決定、意見
5184,verge,瀬戸際、端
5185,verify,正しいことを証明する、確かめる
5186,verse,韻文、詩（の一行）、聖書の一節
5187,version,～版、型、翻訳、説明、報告、表現、解釈
5188,versus,対～、～に対して
5189,vertebrate,"脊椎動物, 脊椎動物の"
5190,vertical,垂直の、縦方向の
5191,vessel,船舶、容器、（体液が通る）脈管
5192,veterinarian,獣医
5193,via,経由して、によって
5194,viable,（計画などが）実行可能な
5195,vibrant,活気に満ちた
5196,vice,悪、欠点
5197,vicinity,近所
5198,vicious,残忍な、乱暴な、悪意のある、意地の悪い
5199,victim,犠牲者、被害者、えじき、いけにえ
5200,victorious,勝利を得た、勝ち誇った
5201,victory,勝利、征服
5202,view,眺め、見解
5203,viewpoint,観点、立場、見える地点
5204,vigilant,慎重な、油断のない
5205,vigor,活力、精力、元気、力強さ、迫力
5206,vigorous,精力的な、激しい、活力のある
5207,vintage,年代物の、ビンテージ物の、時期
5208,violate,破る、妨害する
5209,violation,違反、侵害
5210,violence,暴力
5211,violent,激しい、暴力的な
5212,virtual,仮想の、事実上の
5213,virtually,ほとんど、実質的には
5214,virtue,美徳、長所、効能
5215,virtuous,徳の高い、高潔な、自らの徳を誇示した
5216,virus,ウィルス、コンピュータウィルス
5217,visibility,視界、視野、目に見えること
5218,visible,目に見える、明白な
5219,vision,視力、視覚、洞察力、先見性
5220,visual,視覚の、目に見える
5221,visualize,を心に思い浮かべる、を視覚化する、想像する
5222,vital,生命に関する、極めて重要な、不可欠な、活気のある
5223,vitamin,ビタミン
5224,vivid,鮮やかな、強烈な、はっきりした、生き生きとした
5225,vocabulary,語彙
5226,vocal,声の、発声の、はっきりものを言う
5227,vocation,職業、天職、召命
5228,vocational,職業の、職業訓練の（ための）
5229,void,無効の
5230,volcano,火山
5231,volume,量、容積、音量、１冊
5232,voluntarily,自発的に
5233,voluntary,自発的な、無償の
5234,volunteer,ボランティア
5235,vomit,吐く、もどす
5236,vote,投票する、投票、選挙権
5237,voucher,クーポン券、商品券
5238,vow,誓約する、誓う、誓い
5239,vowel,母音(字)
5240,voyage,船旅（をする）、航海（する）
5241,vulgar,下品な、粗野な、悪趣味の
5242,vulnerable,傷つきやすい、弱い
5243,vulture,ハゲタカ、コンドル
5244,wacky,風変わりな、ばかげた
5245,wag,（尾などを）振る；（尾などが）揺れる
5246,wage,（肉体労働に対する）賃金
5247,wait,"待つ, 仕える, 給仕する"
5248,wake,目が覚める、（眠っている人）を起こす
5249,wallet,札入れ
5250,walnut,クルミ
5251,wander,歩き回る、それる、はぐれる
5252,wane,[自] （力・程度・色などが）衰える，（月が）欠ける
5253,ward,行政区、病棟
5254,warehouse,倉庫、問屋
5255,warfare,戦争状態、武力衝突、闘争
5256,warmth,温かさ
5257,warn,警告［注意］する
5258,warning,警告
5259,warrant,正当と認める、保証する、根拠、保証、証明書
5260,warranty,(商品の)保証、保証書、正当な理由〔根拠〕
5261,warrior,戦士、勇士
5262,waste,浪費、荒れ地、廃棄物、廃物の、不毛の、浪費する
5263,waterfall,滝
5264,wavelength,波長
5265,waver,(心が)揺れ動く、迷う
5266,way,道、方向、付近、方法、はるかに
5267,weak,弱い
5268,wealth,財産、富、裕福、豊富な、資源
5269,wealthy,裕福な、豊富な
5270,weapon,兵器、武器
5271,weaponry,武器類
5272,wear,身につけている、すり減らす、使い果たす、疲れさせる
5273,wearable,着用できる、着やすい
5274,weary,ひどく疲れた、飽き飽きして、非常に疲れる、うんざりする
5275,weave,織る、(巣)を張る、(計画など)を作り上げる
5276,web,クモの巣、(インターネット上の)ネットワーク、ウェブ
5277,website,ウェブサイト、ホームページ
5278,wed,と結婚する、を（～と）結婚させる（to）
5279,weed,雑草、役に立たない人(物)、(雑草)を抜く、～を取り除く
5280,weep,すすり泣く、しくしく泣く、嘆く
5281,weigh,重さを量る、比較検討する
5282,weight,重量、重要さ
5283,weird,不可思議な、変な、奇妙な、神秘的な
5284,welfare,福祉（事業）、繁栄、幸福
5285,well-being,複利、健康、幸福
5286,west,西（部）（の）
5287,wetland,湿地
5288,whale,クジラ
5289,whatever,～することは何でも、何が（何を）～しようとも
5290,whatsoever,全く、少しでも
5291,wheat,小麦
5292,wheel,ハンドル、車輪
5293,wheelchair,車椅子
5294,whenever,～するときはいつでも、いつ～しようとも
5295,whereas,その一方で、～だけれども
5296,wherever,～するところはどこでも、どこへ（に）～しようとも
5297,whether,～かどうか、～であろうとなかろうと
5298,while,する間に、の間ずっと、その一方で、時間
5299,whisper,ささやく、ささやき
5300,whistle,笛
5301,whole,全体の、まるごとの
5302,wholesale,卸売り
5303,wholesome,健康に良い
5304,wholly,完全に、全く
5305,wicked,邪悪な、いたずらな、とてもひどい
5306,wide,(幅・範囲・視野が)広い
5307,widespread,広範囲にわたる、広く普及した
5308,width,幅、横幅、一定幅に切った材料
5309,wield,巧みに使う
5310,wild,荒野、大自然、野生の、荒涼とした、乱暴な
5311,wilderness,荒野、（庭・町などの）放置された部分
5312,wildfire,野火、山火事
5313,wildlife,(集合的に)野生生物
5314,will,意志、遺書
5315,willing,～する気がある、快くやる
5316,willingness,快く～すること（to do）、積極的な気持ち
5317,willpower,意志力
5318,win,勝つ； ～（試合など）に勝つ； を獲得する
5319,wind,風、動向、巻く、曲がりくねって進む
5320,wipe,拭く、(wipe outで)絶滅させる
5321,wire,針金、ケーブル
5322,wireless,無線（電信）の、ラジオの
5323,wisdom,知恵、賢さ、金言、名言、学問、博識
5324,wise,（判断・行為などが）賢い
5325,wish,願う、～だといいと思う、願い
5326,wit,機知、機転、機知に富む人、(～s)平静
5327,witch,魔女
5328,withdraw,引っ込める、をかせる、引き出す
5329,wither,しおれる、枯れる、元気を失う、しおれさせる
5330,withhold,保留する、（感情など）をおさえる
5331,within,の内部に、の範囲内で、～以内に
5332,withstand,に耐える、に持ちこたえる、耐える、抵抗する
5333,witness,目撃者、証人、証拠、証言
5334,witty,機知に富んだ
5335,wolf,オオカミ
5336,wonder,不思議、驚異、不思議に思う（at）、…かしらと思う
5337,wood,木材、森、薪
5338,workforce,（通例the）総労働人口、労働力
5339,workout,運動、(運動競技の)練習
5340,workplace,仕事場
5341,workshop,研修会、セミナー
5342,worldwide,世界的な、世界中で（に）
5343,worm,虫
5344,worry,心配する、悩む
5345,worsen,悪化させる、悪化する
5346,worship,崇拝する、賛美する、礼拝に出る、賛美、尊敬、崇拝
5347,worth,～の価値がある
5348,worthless,価値のない、役に立たない
5349,worthwhile,価値がある、立派な
5350,wound,（銃弾・刃物などによる）傷、痛手
5351,wrap,包む、巻き付ける
5352,wreck,難破、残骸、台無しにする、大破させる
5353,wrecked,難破した
5354,wretched,悲惨な
5355,wrinkle,しわ、妙案、助言
5356,wrist,手首
5357,wrongdoing,悪事（を働くこと）、犯罪
5358,yard,ヤード（約0.914m）、庭
5359,yardstick,基準、尺度
5360,yawn,あくび(をする)
5361,yearn,熱望する
5362,yell,大声で叫ぶ、エールを送る、大声、エール
5363,yield,屈する、産出する、収穫高
5364,youngster,子供
5365,youth,若者、若さ、青年時代
5366,zealous,熱心な、熱狂的な
5367,zinc,亜鉛
5368,zone,区域、地帯
